sport,event,year,athlete_id,country_id,bronze,silver,gold
Shooting,Doubles,2008,427,5,0,1,0
Boxing,100m,2012,698,44,0,1,1
Weightlifting,200m,2012,158,2,0,1,1
Tennis,Final,2020,674,1,1,0,1
Boxing,Doubles,2008,217,4,1,1,0
Athletics,Singles,2020,391,6,1,1,0
Cycling,Butterfly,2004,22,14,0,1,1
Rowing,400m,2004,306,32,1,1,0
Boxing,200m,2012,525,13,1,1,1
Tennis,Final,2020,615,28,0,1,1
Weightlifting,400m,2016,646,28,0,0,1
Tennis,Relay,2024,703,46,0,1,0
Rowing,All Around,2016,82,31,1,0,0
Rowing,Relay,2020,438,19,0,0,0
Shooting,200m,2020,436,27,0,1,1
Boxing,Final,2020,84,50,0,0,1
Gymnastics,400m,2016,47,6,1,1,1
Weightlifting,All Around,2024,461,40,1,1,0
Cycling,400m,2004,765,39,1,0,1
Shooting,100m,2004,405,8,0,0,1
Tennis,Butterfly,2024,989,48,1,1,1
Wrestling,Final,2004,129,9,0,0,0
Swimming,Relay,2004,215,31,0,0,1
Shooting,Relay,2004,309,50,1,0,1
Wrestling,100m,2004,171,10,1,1,1
Swimming,All Around,2020,249,13,1,1,0
Boxing,100m,2004,646,46,1,1,1
Weightlifting,Doubles,2024,568,19,0,1,1
Tennis,Singles,2020,743,40,1,0,0
Shooting,100m,2016,591,21,0,1,1
Tennis,200m,2016,638,42,1,1,1
Swimming,400m,2012,744,13,1,1,1
Cycling,Singles,2008,602,44,1,1,0
Rowing,Butterfly,2016,854,44,1,1,0
Weightlifting,Relay,2012,708,48,0,1,0
Gymnastics,Relay,2008,621,32,0,1,1
Rowing,Relay,2008,571,4,0,1,1
Boxing,400m,2008,848,33,0,0,1
Wrestling,200m,2020,233,8,0,1,1
Boxing,Freestyle,2004,789,36,1,0,0
Swimming,All Around,2016,986,49,0,0,0
Shooting,100m,2020,108,11,0,0,1
Gymnastics,Final,2024,453,49,1,0,0
Boxing,Freestyle,2008,126,13,1,1,0
Cycling,All Around,2012,294,33,0,0,1
Boxing,Butterfly,2012,645,43,0,0,1
Cycling,400m,2016,424,27,1,1,0
Tennis,400m,2004,735,34,0,0,1
Boxing,Butterfly,2008,445,4,1,0,0
Weightlifting,100m,2024,731,43,1,1,1
Shooting,Final,2024,761,21,1,0,1
Shooting,Doubles,2008,718,26,1,0,1
Boxing,Butterfly,2008,903,20,0,0,1
Wrestling,400m,2020,554,19,0,0,1
Shooting,Freestyle,2024,164,2,0,1,0
Rowing,Butterfly,2020,114,47,0,1,1
Shooting,Freestyle,2004,49,49,0,1,1
Weightlifting,100m,2016,348,16,0,1,1
Rowing,Doubles,2024,144,46,1,0,0
Boxing,Singles,2020,198,50,1,1,0
Gymnastics,Butterfly,2016,84,6,0,1,0
Tennis,Relay,2016,80,24,1,1,1
Weightlifting,All Around,2024,434,29,1,1,0
Gymnastics,Singles,2008,497,46,1,0,0
Cycling,All Around,2016,34,48,0,1,0
Weightlifting,Butterfly,2004,124,24,1,0,0
Athletics,Freestyle,2012,384,20,1,1,0
Gymnastics,400m,2020,432,4,1,1,0
Gymnastics,All Around,2004,126,36,1,0,0
Wrestling,All Around,2020,318,37,1,1,1
Tennis,Doubles,2008,781,9,1,1,1
Gymnastics,Freestyle,2004,820,40,1,1,0
Wrestling,Freestyle,2020,47,43,1,1,0
Gymnastics,100m,2020,646,50,1,0,0
Cycling,Doubles,2020,591,49,0,0,1
Shooting,100m,2004,675,35,0,0,1
Cycling,Relay,2024,860,38,1,0,1
Wrestling,Doubles,2004,504,2,1,1,0
Wrestling,100m,2020,325,25,1,0,0
Athletics,Singles,2008,293,10,0,1,0
Gymnastics,Final,2016,695,11,0,1,0
Swimming,100m,2012,400,7,1,0,1
Boxing,Final,2016,965,8,0,0,0
Weightlifting,Doubles,2008,505,33,1,0,1
Swimming,Freestyle,2016,567,27,0,1,0
Wrestling,Relay,2004,276,36,0,0,0
Rowing,Doubles,2016,457,6,0,0,1
Shooting,400m,2008,551,28,1,0,0
Tennis,Doubles,2012,669,11,0,0,1
Rowing,Doubles,2012,860,44,1,1,0
Weightlifting,Singles,2012,47,11,0,1,0
Wrestling,200m,2008,743,36,1,1,0
Weightlifting,Singles,2012,906,44,1,1,1
Rowing,Relay,2024,330,22,0,1,1
Swimming,400m,2024,945,1,1,0,0
Gymnastics,Butterfly,2020,917,45,1,1,0
Athletics,Singles,2004,914,43,1,0,1
Wrestling,Doubles,2012,397,12,0,0,1
Boxing,Relay,2016,10,15,0,1,1
Cycling,200m,2020,641,20,0,0,1
Boxing,100m,2012,505,46,0,0,0
Wrestling,200m,2012,583,33,1,0,0
Weightlifting,Doubles,2020,180,5,0,0,0
Rowing,Doubles,2008,903,34,1,0,0
Shooting,Doubles,2012,698,36,1,0,1
Swimming,Freestyle,2016,865,27,1,0,1
Tennis,Freestyle,2020,778,3,0,0,1
Wrestling,Singles,2016,324,1,1,0,1
Athletics,Doubles,2004,756,15,1,0,0
Cycling,400m,2012,319,5,0,0,1
Wrestling,100m,2020,817,41,1,1,0
Athletics,All Around,2008,982,22,0,1,0
Athletics,Doubles,2020,450,49,0,1,0
Athletics,100m,2004,387,21,0,0,0
Tennis,100m,2012,626,41,1,0,0
Swimming,Singles,2004,302,25,1,0,1
Cycling,Doubles,2024,639,1,1,1,1
Wrestling,Doubles,2020,104,22,0,1,1
Weightlifting,Relay,2004,106,1,0,0,0
Shooting,Final,2012,432,31,1,0,0
Gymnastics,100m,2004,131,20,1,1,1
Weightlifting,Singles,2008,151,31,1,1,1
Boxing,100m,2020,601,43,0,0,0
Shooting,Singles,2004,433,23,0,0,0
Athletics,Freestyle,2008,684,31,1,1,1
Weightlifting,Final,2016,337,11,0,1,0
Tennis,Relay,2004,655,15,0,1,0
Cycling,All Around,2024,787,22,1,0,1
Gymnastics,100m,2012,11,5,1,0,0
Gymnastics,Final,2016,200,41,1,0,0
Cycling,Relay,2012,179,15,1,0,1
Shooting,Relay,2008,201,2,0,1,0
Swimming,400m,2016,671,8,1,0,1
Tennis,Relay,2012,829,24,0,1,0
Athletics,400m,2008,814,13,0,1,1
Boxing,Doubles,2016,652,16,0,0,1
Gymnastics,Freestyle,2008,55,41,1,0,1
Cycling,200m,2016,810,43,0,0,1
Shooting,Freestyle,2016,532,30,0,1,1
Shooting,All Around,2024,979,32,1,1,1
Weightlifting,100m,2008,225,13,1,0,1
Cycling,Final,2016,911,25,0,1,1
Shooting,200m,2008,770,6,1,1,1
Cycling,Doubles,2004,477,33,1,1,1
Tennis,Butterfly,2016,377,32,1,1,1
Swimming,400m,2016,240,17,0,1,0
Rowing,Singles,2020,560,42,0,1,0
Athletics,200m,2004,369,3,0,1,0
Boxing,Final,2012,764,50,1,0,0
Shooting,Final,2004,789,20,1,1,1
Wrestling,Doubles,2024,13,31,0,1,0
Cycling,Relay,2016,240,34,1,1,1
Athletics,Freestyle,2008,440,50,1,0,1
Tennis,Singles,2004,384,9,0,1,0
Tennis,Freestyle,2012,231,27,1,1,1
Boxing,Doubles,2004,582,3,0,0,1
Weightlifting,Doubles,2020,588,26,1,0,1
Athletics,Singles,2016,193,31,0,1,1
Rowing,200m,2008,107,44,0,0,1
Swimming,400m,2008,72,25,1,0,0
Rowing,Singles,2004,466,4,1,0,0
Boxing,Butterfly,2016,161,8,0,1,1
Athletics,Butterfly,2008,134,14,1,1,1
Gymnastics,Doubles,2020,962,20,0,1,1
Cycling,100m,2008,457,5,1,0,1
Weightlifting,All Around,2016,474,37,0,0,1
Tennis,Freestyle,2024,863,46,1,1,0
Wrestling,Relay,2008,922,40,1,1,1
Gymnastics,Doubles,2004,403,45,0,0,0
Rowing,Singles,2012,683,5,0,1,1
Shooting,200m,2012,79,49,0,1,1
Tennis,400m,2012,213,33,0,1,0
Athletics,All Around,2016,352,48,1,0,1
Swimming,100m,2012,118,46,0,1,1
Tennis,All Around,2004,85,36,0,1,0
Tennis,Final,2008,175,2,0,0,1
Athletics,Singles,2024,401,11,0,0,1
Gymnastics,All Around,2012,183,14,0,0,1
Swimming,Singles,2024,679,46,0,1,1
Tennis,100m,2020,5,4,1,0,0
Boxing,Relay,2008,94,2,1,0,0
Boxing,Relay,2024,686,5,0,0,0
Gymnastics,100m,2016,525,7,1,1,0
Weightlifting,Relay,2020,405,28,0,0,0
Athletics,Freestyle,2012,178,1,1,1,0
Wrestling,Relay,2016,226,5,1,1,0
Athletics,Relay,2016,309,50,1,0,0
Rowing,200m,2020,333,41,1,0,1
Gymnastics,Freestyle,2024,494,5,1,0,1
Wrestling,Singles,2024,760,15,0,0,0
Weightlifting,200m,2012,243,48,1,0,0
Swimming,400m,2012,511,19,0,0,1
Cycling,100m,2008,946,47,1,1,0
Rowing,Freestyle,2024,806,49,0,1,1
Swimming,Relay,2024,340,22,0,0,0
Cycling,Relay,2020,894,25,1,0,1
Swimming,200m,2016,72,13,0,0,0
Gymnastics,200m,2008,607,36,0,0,0
Wrestling,All Around,2012,169,47,0,0,1
Gymnastics,Doubles,2008,311,19,1,0,1
Tennis,200m,2012,408,25,0,1,1
Wrestling,Singles,2020,753,28,0,1,0
Wrestling,Butterfly,2004,778,20,0,0,1
Wrestling,All Around,2012,465,19,1,1,0
Boxing,400m,2024,481,13,0,0,0
Swimming,Singles,2024,743,24,1,1,1
Wrestling,Freestyle,2016,502,20,0,1,0
Athletics,Butterfly,2020,167,13,1,1,1
Shooting,All Around,2024,706,24,0,1,1
Cycling,Relay,2016,36,24,0,0,1
Weightlifting,All Around,2024,151,17,0,0,0
Athletics,200m,2024,729,25,1,0,0
Wrestling,400m,2016,259,45,1,1,1
Wrestling,200m,2004,652,37,1,0,1
Cycling,Butterfly,2024,316,1,0,1,0
Athletics,200m,2024,428,34,1,1,1
Gymnastics,400m,2012,191,46,0,0,1
Gymnastics,Singles,2004,462,37,0,0,0
Swimming,400m,2008,266,27,1,0,0
Athletics,Final,2004,387,8,1,0,1
Swimming,Doubles,2008,490,32,0,0,0
Rowing,100m,2024,597,3,0,0,0
Wrestling,Doubles,2020,986,49,1,1,1
Boxing,Doubles,2016,345,24,1,1,0
Boxing,Butterfly,2016,626,4,1,1,0
Swimming,All Around,2024,412,47,0,0,0
Shooting,Final,2024,770,16,1,1,1
Shooting,Butterfly,2024,193,1,1,0,1
Swimming,Freestyle,2024,455,15,1,1,0
Boxing,Butterfly,2016,675,45,0,1,1
Weightlifting,Relay,2024,147,34,0,0,1
Athletics,Final,2024,562,30,0,1,0
Tennis,Singles,2008,250,14,0,0,0
Wrestling,100m,2008,952,21,1,1,0
Rowing,All Around,2024,127,43,0,1,0
Boxing,Relay,2020,785,39,0,1,1
Wrestling,Singles,2016,828,15,0,1,0
Rowing,200m,2004,92,22,0,0,1
Gymnastics,Freestyle,2016,591,48,0,1,0
Weightlifting,Singles,2008,868,25,1,1,1
Gymnastics,Singles,2024,617,38,0,0,1
Swimming,Singles,2016,324,10,1,0,1
Tennis,400m,2020,291,10,0,1,1
Shooting,200m,2012,869,46,1,0,1
Rowing,Butterfly,2004,830,22,0,0,0
Swimming,400m,2016,745,26,1,0,0
Shooting,Butterfly,2012,433,44,1,1,1
Wrestling,200m,2020,745,19,1,0,1
Athletics,400m,2012,771,38,0,1,1
Gymnastics,Doubles,2008,453,45,1,1,0
Cycling,Relay,2024,201,48,0,1,0
Gymnastics,Butterfly,2016,696,11,0,0,1
Tennis,400m,2004,121,33,1,1,0
Wrestling,Relay,2004,122,16,1,1,1
Weightlifting,400m,2024,764,25,0,1,1
Rowing,All Around,2012,12,8,0,0,0
Tennis,Singles,2008,24,38,1,1,0
Weightlifting,400m,2016,496,42,1,1,0
Athletics,Freestyle,2004,731,35,0,1,0
Wrestling,Singles,2020,803,34,1,0,0
Cycling,200m,2008,883,39,0,0,1
Boxing,200m,2004,132,37,0,0,0
Shooting,Final,2004,87,8,1,1,0
Wrestling,100m,2008,308,3,1,1,0
Weightlifting,All Around,2024,321,34,1,0,0
Swimming,Relay,2004,193,10,1,0,0
Weightlifting,Singles,2008,606,23,1,0,1
Athletics,Singles,2012,267,25,0,1,1
Athletics,Final,2024,436,45,0,0,0
Rowing,Relay,2024,382,37,0,1,0
Boxing,Butterfly,2016,27,39,0,0,1
Athletics,Singles,2004,701,36,1,0,1
Athletics,Freestyle,2012,797,18,0,0,1
Swimming,200m,2016,993,15,1,0,0
Gymnastics,Singles,2024,897,20,1,0,1
Weightlifting,Final,2020,278,39,0,0,0
Boxing,Butterfly,2008,354,48,1,1,0
Rowing,100m,2024,526,46,0,0,0
Wrestling,Doubles,2024,274,4,1,0,1
Tennis,400m,2016,363,30,1,1,1
Shooting,Relay,2012,651,6,1,1,1
Athletics,200m,2004,748,16,0,0,0
Athletics,Final,2020,952,32,0,1,0
Tennis,All Around,2020,702,44,0,1,0
Weightlifting,Relay,2024,8,46,1,1,0
Shooting,Doubles,2004,622,29,0,0,0
Athletics,Freestyle,2008,527,23,0,1,1
Wrestling,400m,2012,994,8,1,0,0
Rowing,Final,2016,301,17,0,0,1
Cycling,Final,2024,528,3,1,1,0
Boxing,100m,2020,472,22,1,1,0
Swimming,Freestyle,2024,191,26,1,0,0
Wrestling,All Around,2008,87,34,0,1,0
Tennis,100m,2008,788,43,1,0,1
Wrestling,Freestyle,2012,374,28,0,1,0
Tennis,All Around,2008,144,23,1,0,1
Cycling,200m,2008,292,3,0,1,1
Boxing,100m,2008,683,13,1,1,0
Wrestling,All Around,2020,508,44,0,1,1
Shooting,Butterfly,2008,113,7,0,0,0
Boxing,Singles,2004,786,44,0,0,1
Wrestling,Doubles,2024,9,28,1,1,1
Tennis,200m,2016,254,40,0,0,0
Rowing,200m,2012,718,16,1,0,1
Athletics,Singles,2020,186,13,0,0,0
Gymnastics,Butterfly,2004,281,13,0,1,0
Weightlifting,Relay,2004,886,4,1,1,1
Cycling,Relay,2012,437,31,0,1,0
Rowing,200m,2012,373,18,1,1,0
Boxing,100m,2008,42,1,0,1,0
Rowing,All Around,2012,931,39,0,1,0
Rowing,All Around,2012,343,20,0,0,0
Shooting,400m,2012,370,48,1,1,0
Rowing,Relay,2020,394,6,0,0,0
Swimming,Doubles,2024,838,13,0,1,0
Athletics,Singles,2020,352,20,1,0,0
Swimming,400m,2008,429,36,1,1,1
Tennis,200m,2016,70,31,1,0,0
Weightlifting,Final,2024,991,9,1,0,0
Cycling,Butterfly,2016,702,35,0,0,1
Shooting,Butterfly,2020,799,25,1,1,0
Gymnastics,100m,2008,586,14,0,1,1
Rowing,Relay,2012,726,18,0,0,0
Swimming,Singles,2008,299,3,0,1,0
Rowing,100m,2024,255,14,0,0,1
Weightlifting,Freestyle,2012,86,46,1,0,1
Weightlifting,Final,2012,59,41,0,1,0
Rowing,400m,2012,995,2,0,1,1
Weightlifting,Singles,2008,837,29,0,1,1
Cycling,Doubles,2024,828,49,1,0,1
Cycling,Butterfly,2012,152,31,0,1,0
Tennis,400m,2008,194,37,1,0,1
Swimming,Final,2008,907,12,1,0,0
Gymnastics,200m,2016,252,30,1,0,0
Swimming,Doubles,2004,387,25,0,0,0
Swimming,400m,2008,789,6,1,0,0
Swimming,200m,2020,754,22,0,0,0
Tennis,Doubles,2016,836,11,1,1,1
Gymnastics,Relay,2004,557,45,1,0,0
Swimming,200m,2020,304,7,1,0,0
Cycling,100m,2008,438,25,0,1,1
Cycling,Butterfly,2024,906,46,0,1,0
Athletics,Relay,2004,980,19,1,0,1
Athletics,Freestyle,2004,918,3,0,0,1
Shooting,Freestyle,2020,186,44,1,0,1
Weightlifting,Final,2012,897,7,1,1,1
Rowing,200m,2004,883,10,0,1,0
Wrestling,All Around,2024,816,31,0,0,1
Rowing,400m,2004,331,9,0,1,1
Boxing,All Around,2016,493,45,1,1,0
Cycling,Butterfly,2016,563,32,1,0,1
Athletics,Doubles,2024,432,34,0,0,0
Boxing,100m,2008,872,2,1,1,0
Athletics,100m,2012,370,50,0,1,1
Gymnastics,Singles,2016,249,14,0,0,0
Athletics,400m,2016,751,2,1,1,0
Athletics,Doubles,2004,489,39,0,0,0
Boxing,400m,2004,251,5,0,1,0
Gymnastics,All Around,2024,144,48,1,1,1
Boxing,All Around,2024,712,1,1,0,0
Swimming,100m,2020,770,12,0,0,1
Wrestling,All Around,2020,729,17,1,0,1
Gymnastics,Final,2004,535,25,0,0,1
Weightlifting,100m,2008,402,12,0,1,1
Boxing,Butterfly,2016,169,4,1,1,0
Rowing,200m,2004,80,24,1,0,0
Rowing,400m,2020,110,5,0,0,1
Cycling,Singles,2008,654,3,0,1,0
Weightlifting,Doubles,2004,578,31,0,0,1
Athletics,Final,2004,366,49,1,1,0
Boxing,Butterfly,2024,365,9,0,1,1
Shooting,200m,2020,827,50,0,0,1
Tennis,Doubles,2004,298,11,0,1,0
Athletics,Relay,2008,827,44,0,0,1
Tennis,400m,2012,298,24,1,0,1
Cycling,Relay,2020,622,5,0,1,0
Swimming,400m,2012,561,6,1,0,1
Boxing,400m,2012,166,5,1,1,1
Athletics,200m,2008,728,50,1,1,1
Rowing,All Around,2024,947,9,0,1,0
Boxing,Final,2016,419,40,0,1,1
Shooting,Doubles,2012,383,6,1,1,1
Swimming,Doubles,2024,59,48,0,0,0
Athletics,Final,2016,163,37,1,0,0
Wrestling,All Around,2024,96,23,1,1,1
Athletics,200m,2008,750,7,1,1,0
Wrestling,Freestyle,2004,325,22,1,0,1
Athletics,Final,2016,40,35,0,1,0
Cycling,Freestyle,2020,33,39,1,0,1
Wrestling,All Around,2008,56,14,0,1,1
Rowing,400m,2004,146,5,1,1,0
Rowing,All Around,2016,538,14,1,0,0
Athletics,Butterfly,2012,987,49,1,0,0
Boxing,Butterfly,2016,487,35,0,1,1
Weightlifting,Butterfly,2004,575,39,0,0,0
Boxing,Freestyle,2004,155,30,0,1,1
Athletics,Butterfly,2012,534,47,0,1,0
Tennis,Doubles,2004,38,14,0,1,0
Weightlifting,Butterfly,2008,357,14,0,0,1
Boxing,100m,2012,919,20,0,1,1
Wrestling,Butterfly,2012,361,35,1,1,0
Gymnastics,All Around,2016,383,12,0,1,1
Rowing,Butterfly,2024,291,45,0,0,0
Athletics,100m,2020,955,27,0,1,0
Tennis,Singles,2020,826,3,1,1,0
Cycling,All Around,2020,391,8,0,1,0
Boxing,All Around,2016,930,42,1,0,1
Cycling,Singles,2012,275,43,1,1,1
Cycling,100m,2016,34,1,0,0,1
Shooting,Doubles,2012,344,11,1,0,1
Cycling,Doubles,2024,403,4,1,0,1
Gymnastics,Butterfly,2012,530,11,1,0,0
Gymnastics,Singles,2004,647,37,1,1,0
Boxing,Relay,2004,96,2,1,0,0
Swimming,Doubles,2024,557,6,1,0,0
Tennis,Freestyle,2008,246,42,0,1,0
Shooting,Relay,2024,799,25,1,0,1
Athletics,400m,2024,24,41,0,0,1
Weightlifting,200m,2004,146,19,1,0,0
Athletics,All Around,2012,935,14,1,0,1
Swimming,Butterfly,2004,499,41,0,0,1
Wrestling,Freestyle,2024,931,29,0,0,1
Swimming,400m,2024,581,41,0,0,1
Boxing,All Around,2020,615,35,0,0,1
Athletics,Relay,2020,31,35,0,0,0
Boxing,200m,2008,31,21,0,0,0
Gymnastics,Final,2012,494,13,0,1,1
Tennis,All Around,2016,525,26,0,1,0
Cycling,Final,2016,106,38,1,0,0
Tennis,Butterfly,2016,434,39,1,1,0
Weightlifting,Butterfly,2016,205,37,1,1,0
Tennis,400m,2004,982,33,1,1,1
Weightlifting,Singles,2012,408,2,0,0,1
Wrestling,400m,2012,252,5,0,1,1
Gymnastics,Freestyle,2004,10,21,0,1,0
Tennis,Doubles,2012,921,15,0,1,1
Weightlifting,Relay,2020,223,7,1,0,1
Wrestling,Freestyle,2012,203,13,0,1,1
Swimming,Final,2016,123,8,1,0,1
Weightlifting,Butterfly,2008,591,2,1,0,0
Tennis,Final,2008,862,26,0,0,1
Swimming,200m,2016,98,27,1,1,1
Boxing,Butterfly,2004,570,50,1,1,0
Wrestling,Final,2024,466,32,0,1,0
Swimming,Relay,2004,846,1,0,0,1
Wrestling,Relay,2008,91,13,1,0,0
Rowing,100m,2004,50,20,0,1,1
Weightlifting,Butterfly,2012,716,11,0,1,0
Gymnastics,Freestyle,2008,772,38,1,1,0
Shooting,Singles,2008,592,31,1,1,1
Tennis,Relay,2004,271,50,1,0,1
Shooting,Relay,2024,663,48,0,0,0
Tennis,100m,2008,14,43,0,1,1
Cycling,All Around,2004,349,14,1,1,1
Gymnastics,Singles,2004,937,9,0,1,1
Tennis,Doubles,2020,208,50,1,0,0
Rowing,Butterfly,2008,703,20,0,0,1
Athletics,200m,2008,17,30,0,1,0
Tennis,Singles,2016,361,17,0,0,1
Wrestling,Relay,2008,407,33,1,1,0
Tennis,Final,2012,101,4,1,1,0
Rowing,Relay,2016,181,39,1,1,1
Athletics,100m,2024,255,8,0,0,0
Swimming,Doubles,2012,245,5,0,1,0
Weightlifting,Butterfly,2016,403,7,0,1,1
Cycling,400m,2008,356,41,1,1,0
Athletics,400m,2020,930,45,1,1,0
Gymnastics,Freestyle,2024,72,11,0,1,1
Gymnastics,100m,2024,486,28,1,0,0
Rowing,200m,2008,696,49,0,1,1
Weightlifting,100m,2016,895,16,1,0,0
Swimming,Doubles,2024,298,15,0,0,0
Athletics,Final,2024,344,29,1,1,1
Tennis,Final,2012,470,1,1,1,1
Shooting,Doubles,2016,116,18,0,0,1
Cycling,400m,2012,510,2,0,1,1
Cycling,200m,2008,943,25,0,1,1
Shooting,400m,2012,933,44,1,1,1
Weightlifting,Butterfly,2012,317,13,0,1,0
Wrestling,All Around,2020,992,23,1,0,0
Tennis,400m,2016,698,10,1,0,1
Tennis,Final,2004,819,19,0,1,0
Cycling,Final,2020,127,4,1,1,0
Wrestling,Freestyle,2024,855,1,0,1,0
Boxing,Final,2020,682,50,0,0,1
Gymnastics,Relay,2016,600,6,1,0,0
Tennis,Freestyle,2008,832,44,1,1,1
Athletics,Final,2012,612,20,0,1,1
Weightlifting,400m,2024,787,13,1,0,1
Shooting,Relay,2012,313,6,1,1,0
Wrestling,Butterfly,2004,142,34,1,1,1
Tennis,Freestyle,2016,478,27,1,1,0
Shooting,100m,2016,91,49,0,1,0
Weightlifting,Singles,2012,131,40,1,0,1
Gymnastics,Butterfly,2024,7,30,1,0,0
Swimming,Final,2024,110,22,0,1,1
Boxing,100m,2004,759,38,0,0,0
Shooting,All Around,2008,229,44,0,1,1
Swimming,All Around,2020,705,13,0,0,0
Gymnastics,Doubles,2004,533,7,0,0,0
Tennis,100m,2020,455,26,0,0,1
Wrestling,All Around,2008,840,16,1,1,0
Wrestling,400m,2024,23,12,0,0,0
Shooting,Singles,2008,488,31,1,1,0
Weightlifting,All Around,2012,684,18,1,1,0
Tennis,Butterfly,2016,152,2,1,1,0
Weightlifting,Butterfly,2004,595,20,0,1,0
Boxing,400m,2016,904,47,1,1,0
Gymnastics,Freestyle,2020,877,33,0,1,1
Shooting,200m,2008,672,10,1,1,1
Gymnastics,Final,2024,311,26,0,1,1
Tennis,Doubles,2024,185,37,1,0,1
Weightlifting,Doubles,2012,599,40,1,0,0
Swimming,400m,2008,99,43,0,1,1
Boxing,Relay,2024,815,16,0,0,1
Wrestling,200m,2004,627,17,0,0,0
Tennis,Freestyle,2020,647,2,0,1,0
Tennis,Butterfly,2008,653,37,0,0,1
Tennis,All Around,2024,293,15,0,0,1
Shooting,Relay,2004,597,2,0,0,0
Gymnastics,100m,2012,793,27,0,1,0
Shooting,All Around,2008,853,14,1,1,1
Weightlifting,Singles,2008,821,5,1,1,1
Athletics,Doubles,2004,131,34,1,0,0
Tennis,Relay,2004,616,35,1,0,0
Rowing,Final,2016,721,23,0,0,1
Athletics,Singles,2020,248,34,1,1,0
Shooting,200m,2020,483,17,0,0,1
Wrestling,Final,2008,343,49,0,0,0
Shooting,Freestyle,2024,935,4,0,1,0
Weightlifting,Doubles,2024,856,49,0,1,0
Wrestling,Doubles,2024,628,6,1,0,1
Swimming,200m,2004,509,33,0,1,1
Tennis,Final,2008,22,4,0,0,1
Swimming,Singles,2016,54,25,1,0,1
Wrestling,Singles,2008,119,29,0,1,1
Cycling,Freestyle,2016,941,4,0,0,0
Weightlifting,100m,2008,423,48,0,0,0
Swimming,200m,2004,130,29,0,1,0
Boxing,Freestyle,2020,671,16,1,0,1
Tennis,200m,2024,79,5,1,0,1
Boxing,Relay,2016,731,20,1,1,0
Shooting,Final,2012,715,35,0,0,1
Wrestling,Doubles,2016,287,6,0,0,0
Rowing,Singles,2008,126,24,0,0,0
Tennis,All Around,2004,22,32,0,1,1
Weightlifting,Butterfly,2012,848,6,0,1,1
Tennis,100m,2016,394,29,0,0,0
Wrestling,400m,2024,442,35,0,1,0
Shooting,Freestyle,2004,932,39,1,1,0
Swimming,Freestyle,2024,850,40,1,1,0
Athletics,Singles,2016,976,47,1,1,1
Weightlifting,Doubles,2020,267,11,1,1,0
Gymnastics,100m,2012,819,44,1,0,0
Shooting,Final,2012,585,26,0,1,1
Rowing,Final,2024,830,50,0,0,1
Weightlifting,Freestyle,2012,868,12,1,1,0
Tennis,100m,2016,38,23,1,0,1
Swimming,Doubles,2004,284,40,1,0,1
Gymnastics,Final,2012,266,32,0,0,0
Gymnastics,Doubles,2024,51,15,0,0,0
Shooting,All Around,2020,325,3,0,0,1
Rowing,100m,2024,866,23,0,0,1
Athletics,200m,2020,455,8,0,0,0
Boxing,Doubles,2012,850,44,1,0,1
Rowing,400m,2004,335,39,1,1,1
Boxing,All Around,2012,637,2,0,1,0
Rowing,400m,2020,27,7,0,1,1
Cycling,Butterfly,2020,34,43,0,1,0
Athletics,Relay,2020,516,37,1,0,0
Weightlifting,All Around,2024,538,34,1,1,1
Cycling,Doubles,2012,933,16,1,0,1
Cycling,All Around,2012,767,8,0,1,1
Boxing,200m,2012,574,33,0,1,1
Weightlifting,Relay,2016,806,27,0,0,0
Wrestling,Doubles,2024,142,39,1,1,1
Boxing,200m,2004,419,27,0,1,0
Gymnastics,All Around,2004,171,8,1,1,1
Athletics,400m,2004,854,28,0,0,0
Gymnastics,Singles,2020,941,25,1,1,0
Wrestling,Singles,2008,730,19,0,1,1
Weightlifting,Doubles,2020,111,47,0,0,1
Tennis,Butterfly,2024,461,48,1,1,1
Gymnastics,400m,2024,785,38,0,0,0
Weightlifting,Doubles,2012,691,42,1,1,1
Tennis,400m,2020,740,38,1,0,0
Rowing,All Around,2012,50,37,1,1,1
Wrestling,Freestyle,2008,977,10,0,0,1
Shooting,Final,2020,901,40,1,0,1
Rowing,400m,2004,295,18,1,1,0
Gymnastics,Final,2012,621,49,0,0,1
Gymnastics,200m,2008,566,33,0,0,0
Shooting,Singles,2008,7,32,0,1,0
Rowing,Doubles,2016,750,29,0,1,1
Athletics,200m,2016,911,28,1,1,0
Gymnastics,Final,2024,685,8,1,0,0
Athletics,Freestyle,2008,520,22,1,1,0
Boxing,100m,2016,103,46,1,0,0
Swimming,Relay,2008,601,25,0,0,1
Tennis,400m,2016,834,12,1,1,0
Cycling,200m,2020,878,47,0,0,1
Athletics,All Around,2020,626,14,0,0,1
Rowing,Doubles,2016,647,38,0,1,1
Shooting,400m,2012,861,15,1,1,1
Wrestling,Doubles,2012,557,31,1,0,0
Athletics,Final,2016,993,29,1,0,1
Athletics,400m,2016,980,21,0,1,1
Gymnastics,All Around,2016,616,27,0,0,1
Rowing,Singles,2008,912,27,0,1,1
Boxing,Butterfly,2016,829,29,1,1,1
Swimming,Final,2016,746,15,1,0,1
Tennis,Butterfly,2008,587,11,0,0,1
Gymnastics,Doubles,2020,21,47,0,1,0
Boxing,Freestyle,2020,65,42,0,0,1
Shooting,Relay,2008,859,35,1,0,1
Gymnastics,Freestyle,2012,424,14,0,0,0
Swimming,Singles,2004,514,26,1,0,0
Rowing,Final,2004,236,41,0,0,1
Athletics,Butterfly,2024,411,9,1,0,0
Athletics,Singles,2024,721,49,1,0,0
Shooting,Doubles,2008,98,48,1,0,1
Boxing,Butterfly,2020,762,2,1,1,1
Cycling,200m,2012,993,42,1,1,1
Wrestling,200m,2008,991,27,1,1,1
Shooting,Singles,2008,392,2,1,1,1
Shooting,200m,2016,230,37,0,1,0
Tennis,Freestyle,2016,577,7,1,1,0
Athletics,200m,2020,174,14,1,0,0
Gymnastics,Butterfly,2020,859,31,0,0,1
Rowing,Butterfly,2012,759,22,0,0,1
Weightlifting,Doubles,2016,893,1,1,0,1
Shooting,All Around,2012,983,42,0,1,1
Tennis,Singles,2020,880,48,0,0,1
Athletics,Butterfly,2008,776,1,0,0,0
Cycling,All Around,2004,40,28,1,0,1
Gymnastics,Singles,2016,409,1,1,0,1
Rowing,Final,2020,331,40,1,0,0
Rowing,Singles,2024,210,40,1,1,1
Tennis,Relay,2012,950,48,0,0,1
Swimming,Freestyle,2016,184,10,1,0,0
Rowing,Relay,2008,711,7,1,1,0
Swimming,Doubles,2016,609,11,0,1,0
Boxing,100m,2008,282,19,1,1,1
Weightlifting,Butterfly,2012,575,35,0,0,0
Athletics,Relay,2012,183,17,0,0,1
Boxing,Doubles,2020,620,18,1,0,0
Swimming,Relay,2008,94,40,0,0,0
Tennis,100m,2012,80,4,0,1,1
Tennis,Freestyle,2012,513,49,0,0,1
Wrestling,Butterfly,2024,486,23,1,1,0
Weightlifting,Relay,2008,969,41,1,0,1
Shooting,All Around,2016,712,17,0,1,1
Gymnastics,100m,2012,876,30,1,1,0
Weightlifting,Singles,2008,392,24,0,0,0
Tennis,Freestyle,2020,200,1,1,1,0
Boxing,Final,2020,944,1,1,0,1
Tennis,Butterfly,2004,713,46,1,1,0
Weightlifting,100m,2024,950,31,1,1,0
Tennis,Singles,2004,40,24,0,0,0
Gymnastics,200m,2016,855,8,0,1,0
Boxing,200m,2020,285,13,0,1,1
Gymnastics,Doubles,2024,967,24,0,1,1
Swimming,200m,2008,845,49,0,1,0
Gymnastics,All Around,2004,283,39,0,1,0
Swimming,Final,2012,575,23,0,1,1
Weightlifting,200m,2020,953,30,0,0,0
Gymnastics,200m,2008,326,38,0,0,0
Cycling,Freestyle,2016,84,47,0,1,0
Gymnastics,Final,2004,389,46,1,0,1
Gymnastics,Doubles,2012,424,15,0,1,0
Gymnastics,Final,2012,715,29,1,0,1
Boxing,Doubles,2012,358,50,1,0,0
Weightlifting,Butterfly,2008,551,37,0,1,1
Rowing,Relay,2012,717,33,1,0,0
Rowing,Relay,2016,268,3,0,0,1
Gymnastics,All Around,2020,331,24,1,0,1
Athletics,Freestyle,2004,163,27,1,1,1
Athletics,400m,2012,314,11,1,0,0
Tennis,Doubles,2016,608,37,1,1,1
Cycling,Final,2024,383,39,1,1,1
Rowing,100m,2008,782,33,0,1,1
Rowing,Doubles,2016,608,2,0,0,1
Weightlifting,Singles,2008,975,37,0,0,1
Swimming,200m,2012,812,50,0,1,1
Wrestling,400m,2016,1,43,0,0,0
Rowing,Final,2004,190,16,0,1,0
Cycling,400m,2024,569,50,1,0,1
Gymnastics,Freestyle,2004,483,36,1,0,1
Wrestling,All Around,2024,249,49,0,1,0
Boxing,400m,2016,792,21,1,1,1
Shooting,200m,2012,501,43,0,0,0
Cycling,Freestyle,2012,349,33,0,1,0
Cycling,400m,2016,193,3,0,1,1
Athletics,Freestyle,2016,670,12,1,0,1
Rowing,Butterfly,2024,841,31,0,1,1
Gymnastics,400m,2016,699,34,0,1,0
Boxing,200m,2024,884,26,0,0,1
Gymnastics,Doubles,2020,394,44,1,0,1
Wrestling,Butterfly,2004,311,28,1,0,1
Shooting,Freestyle,2016,730,22,1,0,0
Wrestling,Singles,2016,892,44,0,0,0
Boxing,Doubles,2012,203,33,1,1,0
Tennis,Final,2004,125,32,1,1,0
Weightlifting,Freestyle,2012,436,22,1,0,1
Gymnastics,Final,2012,428,2,1,1,1
Swimming,Doubles,2004,366,47,0,1,0
Gymnastics,200m,2020,97,9,0,1,1
Rowing,Freestyle,2016,706,40,0,1,0
Athletics,Freestyle,2012,40,10,0,1,0
Boxing,Final,2016,411,2,0,1,0
Wrestling,200m,2008,585,17,1,0,0
Boxing,Doubles,2016,221,49,1,1,0
Rowing,Singles,2024,47,39,1,0,1
Rowing,100m,2016,213,2,1,0,1
Rowing,All Around,2020,810,41,1,0,0
Cycling,100m,2024,333,15,0,1,1
Weightlifting,Butterfly,2024,610,22,1,1,0
Boxing,Freestyle,2012,355,29,0,1,1
Cycling,Singles,2024,175,44,1,1,1
Swimming,Doubles,2004,647,32,1,0,0
Shooting,Freestyle,2012,299,49,1,1,1
Swimming,400m,2020,599,11,1,1,1
Swimming,Final,2020,762,32,0,1,0
Wrestling,Doubles,2004,100,26,0,0,0
Weightlifting,Final,2008,886,11,1,1,1
Cycling,Butterfly,2020,286,21,1,0,1
Shooting,Singles,2020,402,15,1,1,1
Rowing,All Around,2008,947,12,1,1,0
Shooting,Freestyle,2016,672,12,0,1,1
Wrestling,Butterfly,2008,652,2,0,0,0
Weightlifting,Doubles,2024,419,2,1,0,0
Weightlifting,All Around,2024,94,24,0,1,0
Gymnastics,All Around,2012,741,16,0,1,0
Boxing,400m,2012,67,2,0,1,1
Cycling,Doubles,2016,248,12,1,0,1
Gymnastics,Relay,2016,740,5,0,0,1
Shooting,All Around,2016,73,27,1,0,0
Tennis,All Around,2024,62,19,1,0,1
Wrestling,Singles,2024,666,29,1,0,0
Gymnastics,Final,2020,772,8,0,1,1
Boxing,400m,2008,815,31,0,1,0
Boxing,200m,2016,921,46,1,0,1
Boxing,Final,2024,456,22,1,1,1
Weightlifting,100m,2008,152,34,1,0,0
Boxing,Doubles,2012,731,19,1,0,1
Tennis,All Around,2024,302,10,0,0,1
Wrestling,Final,2024,234,2,0,1,0
Weightlifting,100m,2012,373,47,1,1,0
Boxing,400m,2020,874,33,1,1,1
Tennis,400m,2020,494,12,1,1,0
Athletics,Freestyle,2008,317,14,0,0,1
Weightlifting,200m,2024,202,23,1,1,0
Shooting,Relay,2024,208,24,0,1,0
Boxing,Singles,2004,278,36,0,0,1
Weightlifting,Singles,2008,251,17,0,0,0
Tennis,400m,2004,624,18,1,0,0
Athletics,400m,2020,311,4,0,0,0
Weightlifting,Doubles,2016,476,7,0,1,0
Cycling,All Around,2004,453,6,1,0,0
Shooting,Doubles,2008,613,32,1,0,1
Athletics,All Around,2024,200,38,1,0,1
Wrestling,Doubles,2012,505,41,0,1,1
Shooting,Final,2024,307,17,0,1,1
Shooting,Singles,2012,641,29,0,0,1
Swimming,Freestyle,2020,482,32,0,0,0
Wrestling,Final,2004,948,29,1,0,0
Athletics,Relay,2008,315,33,1,1,1
Athletics,Final,2020,216,37,0,1,0
Cycling,Butterfly,2008,873,11,0,1,1
Weightlifting,Butterfly,2024,276,15,1,1,1
Boxing,400m,2012,342,47,1,1,1
Rowing,Butterfly,2020,403,49,1,0,1
Swimming,Butterfly,2012,662,9,1,1,0
Cycling,Relay,2024,734,17,1,1,0
Boxing,Butterfly,2016,334,36,0,0,1
Rowing,200m,2004,249,11,1,1,1
Swimming,Butterfly,2024,983,46,1,0,1
Weightlifting,Doubles,2016,61,7,0,1,1
Shooting,Freestyle,2016,946,19,0,1,0
Athletics,Freestyle,2024,424,10,0,1,0
Shooting,200m,2016,252,21,1,1,0
Gymnastics,200m,2024,729,48,1,1,1
Cycling,400m,2012,480,15,1,1,1
Cycling,Final,2012,619,48,0,0,0
Wrestling,Butterfly,2016,826,32,0,0,1
Swimming,Doubles,2016,33,33,1,1,1
Weightlifting,Freestyle,2024,69,48,0,0,0
Shooting,400m,2020,867,6,1,0,0
Wrestling,Final,2016,463,48,0,1,0
Gymnastics,Doubles,2012,465,34,1,0,1
Weightlifting,Final,2004,639,25,0,0,0
Boxing,Butterfly,2008,266,15,1,1,0
Weightlifting,Freestyle,2024,889,37,0,0,0
Cycling,Final,2008,104,2,0,0,1
Athletics,Freestyle,2012,951,15,0,0,1
Gymnastics,Butterfly,2012,239,14,1,0,0
Tennis,200m,2016,27,29,0,1,0
Tennis,All Around,2016,204,14,1,0,0
Gymnastics,Singles,2020,742,34,0,0,0
Athletics,All Around,2024,620,23,1,1,0
Cycling,200m,2020,369,31,1,0,1
Swimming,100m,2016,823,27,1,0,1
Boxing,Final,2004,445,42,1,0,0
Wrestling,All Around,2004,975,18,1,0,0
Cycling,400m,2020,10,9,0,0,1
Swimming,100m,2020,822,14,1,1,1
Gymnastics,Butterfly,2008,179,34,0,0,1
Athletics,400m,2004,510,14,1,1,1
Rowing,Doubles,2012,30,2,1,0,1
Swimming,400m,2016,48,35,1,0,0
Athletics,100m,2012,919,15,0,1,0
Athletics,All Around,2016,426,35,1,0,0
Rowing,All Around,2016,922,17,0,1,1
Weightlifting,200m,2016,505,48,0,0,0
Shooting,400m,2008,231,43,0,0,1
Rowing,Doubles,2004,256,15,1,0,1
Boxing,All Around,2024,605,34,1,0,1
Wrestling,Freestyle,2024,149,38,0,1,0
Cycling,400m,2004,147,41,0,0,0
Wrestling,Freestyle,2004,586,31,1,1,0
Weightlifting,Butterfly,2016,220,30,1,1,0
Rowing,Singles,2012,346,12,1,1,1
Shooting,All Around,2024,99,43,1,1,0
Boxing,Butterfly,2024,27,35,0,0,0
Tennis,200m,2004,564,46,1,0,1
Rowing,All Around,2016,567,6,0,1,0
Gymnastics,Relay,2004,204,47,1,0,0
Shooting,Freestyle,2020,236,45,0,1,0
Athletics,400m,2024,650,40,0,0,1
Cycling,Final,2004,983,26,1,1,1
Tennis,All Around,2012,140,47,1,0,0
Rowing,Singles,2024,320,14,0,0,1
Gymnastics,400m,2016,843,11,0,1,0
Wrestling,Butterfly,2020,199,16,1,0,0
Rowing,400m,2016,127,47,0,0,1
Gymnastics,Final,2012,12,41,0,1,0
Weightlifting,All Around,2008,677,29,1,0,1
Gymnastics,200m,2024,350,18,0,1,1
Athletics,All Around,2016,600,11,1,1,0
Shooting,200m,2004,750,39,1,0,1
Wrestling,Butterfly,2004,654,7,1,1,1
Shooting,Freestyle,2016,683,17,1,0,0
Athletics,All Around,2008,600,32,0,1,1
Athletics,All Around,2020,622,37,1,1,0
Weightlifting,200m,2020,859,42,0,0,0
Cycling,Freestyle,2020,689,46,1,1,0
Boxing,All Around,2016,588,34,0,1,1
Swimming,Relay,2020,186,2,1,0,1
Wrestling,100m,2024,468,17,1,1,1
Cycling,Final,2016,803,4,1,1,1
Gymnastics,Relay,2020,790,36,1,1,1
Gymnastics,All Around,2004,342,23,0,1,1
Athletics,200m,2024,416,21,1,0,1
Cycling,Final,2024,498,23,1,1,1
Gymnastics,400m,2012,17,8,0,1,1
Shooting,Singles,2008,408,40,0,0,0
Athletics,Doubles,2024,415,17,0,1,1
Wrestling,400m,2016,107,48,1,0,1
Cycling,All Around,2004,252,36,0,1,0
Tennis,Relay,2024,225,16,0,1,0
Gymnastics,100m,2012,250,2,1,1,1
Shooting,Singles,2020,197,27,0,1,1
Rowing,Freestyle,2012,442,24,1,0,1
Shooting,Freestyle,2004,982,45,0,1,0
Shooting,Doubles,2008,99,33,1,1,0
Weightlifting,Relay,2024,357,46,0,1,1
Weightlifting,100m,2016,634,29,1,1,0
Gymnastics,100m,2020,460,36,0,1,1
Gymnastics,200m,2024,363,5,1,1,0
Weightlifting,All Around,2016,722,49,0,1,0
Tennis,Final,2020,714,44,1,1,0
Weightlifting,Singles,2016,148,50,1,0,0
Boxing,Doubles,2004,794,5,0,1,0
Cycling,Relay,2020,793,49,0,0,0
Tennis,200m,2012,92,7,1,1,1
Wrestling,All Around,2008,868,22,0,0,1
Boxing,400m,2024,441,17,1,0,0
Rowing,Butterfly,2008,233,23,0,1,1
Athletics,Singles,2012,21,39,0,0,1
Athletics,400m,2004,987,34,0,0,1
Wrestling,Final,2004,820,37,1,0,0
Cycling,Doubles,2016,187,35,0,1,0
Gymnastics,Doubles,2012,588,12,1,0,0
Tennis,100m,2020,40,35,0,1,1
Athletics,Freestyle,2024,185,38,0,0,1
Cycling,Doubles,2008,628,22,1,1,1
Athletics,Singles,2004,347,16,1,0,0
Tennis,Relay,2016,43,23,0,1,0
Shooting,200m,2024,671,21,1,0,1
Boxing,400m,2016,782,13,1,1,1
Wrestling,Butterfly,2004,503,2,1,0,1
Shooting,All Around,2020,399,20,1,1,0
Shooting,100m,2008,970,6,1,0,1
Swimming,Singles,2004,49,20,1,0,1
Shooting,100m,2024,895,28,0,1,0
Cycling,200m,2016,973,12,0,1,0
Cycling,All Around,2008,585,41,0,0,1
Cycling,200m,2012,5,16,1,0,1
Cycling,Freestyle,2016,46,10,0,0,1
Wrestling,Doubles,2024,885,41,1,0,1
Wrestling,100m,2016,844,27,1,1,0
Tennis,Final,2020,11,41,1,0,1
Gymnastics,Relay,2004,653,8,0,0,1
Athletics,400m,2020,336,11,1,1,1
Shooting,Final,2012,877,37,1,0,0
Wrestling,Relay,2004,569,32,0,0,0
Tennis,All Around,2004,115,15,0,1,0
Athletics,200m,2008,447,40,1,1,0
Tennis,Doubles,2004,679,33,0,0,1
Swimming,Doubles,2004,972,10,1,1,0
Boxing,All Around,2008,924,42,0,1,1
Gymnastics,Final,2020,66,15,0,0,1
Tennis,100m,2016,72,16,1,0,0
Shooting,Freestyle,2004,115,44,0,1,0
Weightlifting,400m,2024,956,21,1,0,0
Athletics,Relay,2004,391,1,0,1,0
Cycling,100m,2020,559,5,0,1,1
Rowing,Doubles,2016,461,48,0,1,1
Boxing,All Around,2016,942,10,1,1,0
Gymnastics,Final,2024,749,12,1,1,0
Boxing,100m,2016,825,20,0,0,1
Wrestling,Singles,2008,412,9,1,0,1
Wrestling,Butterfly,2016,752,29,1,1,1
Boxing,Freestyle,2012,682,26,0,0,0
Cycling,Relay,2020,200,47,1,1,1
Boxing,Final,2008,403,10,1,0,1
Rowing,Doubles,2016,53,13,0,1,0
Wrestling,Singles,2016,185,29,0,0,1
Weightlifting,400m,2012,764,44,0,1,0
Gymnastics,Butterfly,2012,480,16,0,1,1
Weightlifting,Doubles,2020,753,41,0,0,0
Athletics,100m,2004,943,4,1,0,1
Boxing,Relay,2024,155,14,1,0,1
Weightlifting,Freestyle,2020,927,29,1,1,0
Rowing,Final,2004,822,36,0,0,0
Wrestling,200m,2020,933,40,1,0,1
Rowing,Relay,2004,680,10,1,0,0
Gymnastics,Butterfly,2016,389,31,0,0,1
Tennis,Doubles,2020,187,29,0,1,1
Boxing,200m,2012,71,12,0,1,1
Gymnastics,200m,2024,202,41,1,1,0
Boxing,Doubles,2016,17,40,1,0,1
Rowing,Relay,2020,287,34,0,1,1
Gymnastics,100m,2024,245,45,1,1,1
Wrestling,Freestyle,2004,280,48,1,0,1
Shooting,100m,2008,893,40,0,0,1
Wrestling,Relay,2016,390,25,0,1,1
Boxing,Freestyle,2020,875,28,1,1,0
Boxing,Final,2020,198,32,1,1,0
Tennis,200m,2024,936,21,0,0,0
Athletics,Relay,2004,182,24,0,0,0
Athletics,200m,2004,741,1,1,0,0
Weightlifting,All Around,2024,895,22,0,0,0
Gymnastics,Relay,2024,949,6,0,0,0
Swimming,Butterfly,2024,239,14,0,0,1
Boxing,Singles,2008,488,13,1,0,1
Rowing,Doubles,2004,454,12,0,0,0
Cycling,Final,2008,900,35,0,0,0
Cycling,400m,2012,775,15,0,1,1
Weightlifting,Butterfly,2020,656,19,0,1,1
Boxing,Relay,2020,8,42,1,1,0
Athletics,100m,2004,506,23,0,1,0
Tennis,100m,2024,691,6,1,1,0
Weightlifting,Final,2024,860,21,1,1,1
Boxing,All Around,2012,782,32,1,0,0
Weightlifting,400m,2004,708,23,1,1,1
Boxing,Butterfly,2016,890,30,1,0,0
Wrestling,Butterfly,2004,895,9,1,1,0
Wrestling,Freestyle,2004,445,43,0,0,0
Cycling,200m,2004,401,31,0,1,1
Cycling,100m,2016,402,11,1,1,0
Cycling,All Around,2020,742,32,1,1,0
Tennis,100m,2012,985,7,0,1,1
Weightlifting,Final,2008,241,34,1,0,1
Tennis,100m,2012,647,11,1,1,1
Weightlifting,200m,2020,133,34,1,1,1
Gymnastics,Freestyle,2020,994,31,0,0,1
Boxing,Butterfly,2008,215,21,0,1,1
Rowing,Singles,2012,592,22,0,0,1
Weightlifting,Relay,2024,608,40,0,0,1
Weightlifting,All Around,2004,321,33,0,1,0
Weightlifting,Freestyle,2004,542,32,1,1,0
Tennis,Butterfly,2008,811,50,1,0,1
Swimming,All Around,2008,229,41,0,1,1
Weightlifting,All Around,2020,150,18,1,1,1
Weightlifting,Singles,2008,844,42,0,0,1
Swimming,Relay,2020,819,33,1,0,1
Wrestling,100m,2012,268,14,0,1,0
Swimming,Butterfly,2004,378,30,0,1,1
Shooting,400m,2020,455,49,1,0,1
Tennis,Final,2008,724,39,1,1,0
Weightlifting,400m,2012,980,2,0,0,1
Shooting,All Around,2012,146,21,1,0,1
Boxing,Butterfly,2008,335,40,0,1,1
Weightlifting,Doubles,2004,905,33,0,0,1
Athletics,200m,2008,156,7,0,0,0
Boxing,Freestyle,2012,84,27,1,0,1
Wrestling,Singles,2004,538,27,1,0,0
Cycling,All Around,2008,119,49,1,0,0
Swimming,Singles,2004,54,42,0,1,0
Swimming,Relay,2008,973,10,0,1,1
Wrestling,Butterfly,2004,523,49,1,1,0
Wrestling,Singles,2004,42,13,0,0,0
Weightlifting,All Around,2004,358,45,0,1,0
Wrestling,Relay,2008,550,1,1,1,1
Shooting,Butterfly,2008,855,13,1,1,0
Boxing,Final,2016,123,42,1,1,0
Tennis,Doubles,2024,688,33,1,0,0
Athletics,100m,2016,824,7,0,0,1
Cycling,Doubles,2012,370,30,0,0,1
Cycling,Singles,2004,318,1,0,0,1
Cycling,All Around,2024,398,47,1,1,1
Weightlifting,400m,2016,492,36,1,0,0
Weightlifting,200m,2004,874,2,0,0,1
Swimming,Final,2016,391,47,0,0,0
Boxing,Relay,2024,196,28,1,0,1
Wrestling,100m,2012,789,3,0,1,0
Rowing,All Around,2008,124,41,0,1,0
Swimming,200m,2004,743,16,1,1,1
Swimming,Doubles,2016,65,47,0,0,0
Wrestling,Butterfly,2004,39,32,1,1,1
Gymnastics,100m,2020,919,3,0,1,1
Tennis,Relay,2012,25,43,1,0,0
Tennis,100m,2024,46,37,1,1,0
Swimming,Final,2012,91,39,1,1,1
Shooting,400m,2012,675,24,0,1,1
Wrestling,400m,2020,412,24,1,1,1
Gymnastics,All Around,2024,556,27,1,1,0
Weightlifting,Final,2008,341,23,1,1,0
Swimming,Freestyle,2020,941,41,0,1,0
Weightlifting,400m,2008,845,45,1,0,1
Athletics,Singles,2020,43,34,0,0,1
Shooting,400m,2024,233,44,1,1,0
Boxing,Freestyle,2020,960,26,1,0,1
Wrestling,200m,2008,656,42,1,0,0
Swimming,Singles,2004,508,10,0,1,0
Wrestling,Final,2008,555,41,0,0,0
Swimming,100m,2012,124,14,0,0,0
Rowing,All Around,2004,433,23,1,0,1
Boxing,Butterfly,2012,214,20,1,1,0
Tennis,100m,2016,328,23,0,1,1
Wrestling,Singles,2004,433,45,1,1,0
Wrestling,100m,2016,778,6,1,1,0
Athletics,Relay,2024,851,46,0,1,1
Boxing,Relay,2020,481,3,1,1,1
Cycling,Doubles,2016,98,1,0,0,1
Athletics,Singles,2008,475,18,1,0,1
Weightlifting,200m,2024,530,32,0,1,1
Gymnastics,100m,2012,616,22,1,0,0
Athletics,Relay,2016,498,16,0,1,0
Wrestling,100m,2012,188,15,1,1,0
Tennis,200m,2004,169,9,0,0,1
Tennis,Freestyle,2024,441,2,1,0,1
Tennis,100m,2012,447,36,1,0,0
Athletics,Final,2024,367,31,1,0,0
Athletics,100m,2008,89,37,0,0,1
Shooting,Freestyle,2020,270,31,0,0,1
Athletics,Singles,2004,238,13,0,1,0
Wrestling,100m,2012,62,33,0,0,1
Weightlifting,Singles,2004,311,9,1,0,1
Cycling,Relay,2024,487,31,1,0,0
Gymnastics,Butterfly,2020,649,41,0,0,0
Shooting,400m,2004,490,33,0,0,0
Wrestling,Freestyle,2008,848,17,1,0,1
Swimming,Freestyle,2016,29,13,1,1,1
Weightlifting,Relay,2024,930,9,1,1,0
Cycling,Doubles,2020,295,32,0,1,0
Wrestling,200m,2020,87,46,0,0,1
Rowing,Butterfly,2012,476,42,1,1,1
Rowing,All Around,2020,500,25,0,1,1
Athletics,All Around,2012,546,34,0,1,1
Rowing,Final,2020,526,15,1,1,0
Weightlifting,Relay,2012,996,20,0,1,1
Rowing,Final,2020,435,43,0,0,1
Cycling,Freestyle,2024,556,36,1,0,1
Weightlifting,Singles,2008,121,47,1,0,0
Weightlifting,Freestyle,2008,909,42,1,1,0
Wrestling,All Around,2024,278,37,1,1,0
Rowing,Doubles,2004,259,8,1,1,0
Athletics,Relay,2012,951,32,1,1,1
Cycling,Final,2004,438,41,1,0,1
Wrestling,Butterfly,2012,123,9,0,0,1
Swimming,100m,2004,285,7,1,0,0
Wrestling,Relay,2004,913,43,0,0,0
Boxing,Doubles,2024,284,19,1,0,0
Cycling,Doubles,2020,585,49,1,1,0
Gymnastics,100m,2020,599,21,0,0,1
Cycling,Singles,2020,18,11,0,1,1
Athletics,200m,2008,866,27,0,0,1
Weightlifting,400m,2008,940,15,1,0,0
Cycling,Final,2016,594,39,1,1,0
Cycling,200m,2004,419,46,1,1,0
Wrestling,Doubles,2016,24,35,1,0,1
Wrestling,Singles,2012,330,2,1,1,1
Weightlifting,Relay,2012,148,46,0,1,0
Wrestling,Relay,2008,322,23,1,1,0
Rowing,Relay,2016,615,31,0,0,0
Tennis,100m,2016,586,23,1,1,0
Tennis,Butterfly,2024,457,28,0,1,1
Boxing,Relay,2012,376,17,1,0,0
Cycling,Doubles,2024,530,39,0,0,1
Boxing,100m,2008,93,46,0,0,0
Rowing,200m,2020,955,17,1,0,1
Gymnastics,Butterfly,2012,892,12,0,1,1
Gymnastics,Singles,2004,238,6,0,0,1
Shooting,All Around,2016,917,11,0,0,0
Weightlifting,200m,2004,792,7,1,0,0
Tennis,Singles,2012,741,12,0,0,0
Swimming,Freestyle,2008,785,18,0,0,1
Gymnastics,400m,2004,481,10,0,0,1
Weightlifting,Final,2016,252,30,0,0,0
Gymnastics,Doubles,2004,69,25,0,0,1
Tennis,Singles,2016,694,49,1,1,1
Shooting,Freestyle,2020,592,46,1,1,1
Gymnastics,Singles,2016,130,3,0,0,1
Rowing,200m,2020,926,27,1,1,1
Boxing,100m,2012,499,13,0,0,1
Gymnastics,All Around,2020,810,49,0,1,1
Cycling,400m,2004,923,15,1,1,1
Wrestling,All Around,2024,477,24,0,1,0
Wrestling,100m,2008,971,10,0,1,1
Swimming,Freestyle,2016,932,25,1,0,1
Boxing,Singles,2020,489,3,1,0,1
Boxing,Relay,2012,945,33,0,0,0
Gymnastics,Singles,2012,62,2,0,1,0
Tennis,Butterfly,2012,818,40,1,1,1
Rowing,Freestyle,2004,821,34,0,1,1
Wrestling,Singles,2004,683,50,0,0,1
Boxing,All Around,2024,740,41,1,0,0
Cycling,200m,2020,394,18,1,0,0
Swimming,Final,2004,977,9,0,1,0
Wrestling,400m,2016,561,37,1,0,0
Athletics,400m,2004,272,47,1,0,0
Tennis,400m,2024,506,8,0,1,1
Weightlifting,Freestyle,2016,979,17,1,1,0
Weightlifting,Singles,2024,286,39,0,0,0
Wrestling,All Around,2012,337,33,1,1,1
Swimming,Doubles,2012,821,17,0,0,0
Cycling,Relay,2016,927,10,0,1,1
Wrestling,Butterfly,2020,340,20,0,0,0
Weightlifting,All Around,2024,68,50,1,0,1
Wrestling,Butterfly,2008,425,31,0,1,1
Athletics,Final,2008,499,32,1,0,1
Wrestling,Relay,2012,250,40,0,1,0
Weightlifting,Freestyle,2020,386,6,0,0,0
Swimming,400m,2020,439,32,0,0,0
Swimming,All Around,2008,34,9,1,1,1
Weightlifting,200m,2004,170,20,1,0,0
Weightlifting,200m,2004,630,1,0,0,1
Tennis,200m,2012,608,19,0,1,0
Athletics,All Around,2020,873,17,0,0,1
Weightlifting,Relay,2024,291,3,1,1,0
Tennis,All Around,2012,975,33,1,1,1
Wrestling,Relay,2012,683,21,0,0,1
Gymnastics,400m,2004,82,4,0,0,0
Tennis,400m,2008,741,5,1,1,1
Weightlifting,Relay,2024,494,28,1,0,1
Cycling,All Around,2024,35,24,0,1,0
Boxing,200m,2004,33,17,1,0,1
Tennis,Butterfly,2024,884,21,1,0,1
Wrestling,Freestyle,2020,889,45,0,0,0
Rowing,Butterfly,2004,499,22,0,0,0
Cycling,Singles,2020,508,18,0,0,1
Swimming,100m,2024,370,46,1,1,1
Swimming,200m,2016,791,33,0,0,0
Boxing,Singles,2012,544,26,0,1,0
Tennis,Doubles,2020,298,35,1,0,1
Boxing,100m,2016,604,41,0,1,1
Tennis,Doubles,2020,237,21,0,1,1
Rowing,100m,2008,685,38,1,1,1
Swimming,Singles,2008,42,15,1,0,1
Swimming,Butterfly,2004,982,5,1,1,0
Shooting,Final,2020,680,4,1,0,1
Athletics,Relay,2016,575,47,1,0,0
Swimming,Butterfly,2004,337,42,0,1,0
Athletics,400m,2024,749,17,0,1,1
Wrestling,400m,2016,209,47,0,1,0
Rowing,Final,2020,709,36,0,0,0
Athletics,100m,2008,68,50,1,0,0
Tennis,Freestyle,2004,513,50,1,0,1
Weightlifting,Final,2004,365,6,1,0,1
Cycling,Singles,2012,743,2,0,0,0
Gymnastics,Freestyle,2008,535,45,0,1,1
Swimming,Freestyle,2016,812,49,1,0,1
Cycling,400m,2008,636,41,1,0,0
Tennis,Singles,2016,397,21,1,0,0
Swimming,All Around,2008,4,37,1,0,1
Boxing,Butterfly,2024,858,1,1,1,0
Gymnastics,200m,2020,534,36,0,0,1
Tennis,Singles,2020,744,49,1,0,0
Boxing,Relay,2012,550,28,1,0,0
Swimming,Final,2024,988,9,1,1,0
Rowing,Freestyle,2016,77,34,1,0,1
Rowing,Final,2016,24,2,1,1,0
Athletics,400m,2020,618,39,0,1,0
Athletics,Final,2012,326,8,0,0,0
Cycling,100m,2012,319,49,0,1,1
Athletics,Butterfly,2004,320,27,0,1,1
Swimming,400m,2004,97,38,0,0,1
Swimming,All Around,2012,416,35,0,1,0
Weightlifting,Singles,2008,84,22,0,0,0
Swimming,All Around,2008,747,46,0,0,0
Wrestling,100m,2024,536,18,0,1,0
Swimming,Butterfly,2008,628,43,1,0,1
Boxing,400m,2016,998,38,1,1,1
Cycling,Doubles,2004,724,27,1,1,0
Athletics,Butterfly,2020,196,48,1,0,0
Weightlifting,200m,2024,255,9,0,0,0
Swimming,200m,2024,405,9,0,1,0
Weightlifting,100m,2024,216,46,0,0,1
Athletics,Freestyle,2008,458,10,0,0,1
Boxing,Butterfly,2016,676,34,1,1,0
Gymnastics,Relay,2016,362,13,0,1,1
Rowing,Butterfly,2004,259,1,1,1,0
Swimming,100m,2024,470,34,1,0,1
Athletics,Final,2008,291,18,0,1,0
Tennis,Singles,2004,601,30,1,1,0
Tennis,Relay,2024,885,18,1,1,1
Gymnastics,All Around,2008,449,9,0,0,1
Wrestling,Relay,2020,522,42,0,0,1
Boxing,Singles,2012,707,7,1,1,1
Swimming,200m,2020,981,7,0,1,1
Cycling,Singles,2020,589,34,0,1,0
Gymnastics,100m,2012,787,45,1,1,0
Tennis,Relay,2008,112,47,1,1,1
Rowing,Doubles,2008,644,26,1,0,1
Tennis,Doubles,2008,912,16,1,0,1
Boxing,All Around,2008,546,22,1,0,1
Shooting,100m,2024,79,7,0,0,1
Swimming,Relay,2016,423,35,0,0,1
Gymnastics,Relay,2024,220,14,1,0,0
Rowing,100m,2020,419,8,1,1,0
Athletics,Freestyle,2008,627,8,0,1,0
Swimming,All Around,2024,284,35,0,0,1
Cycling,Butterfly,2012,103,6,0,1,0
Wrestling,Freestyle,2012,772,29,0,0,0
Weightlifting,100m,2024,282,13,0,0,0
Swimming,400m,2008,848,14,0,0,1
Tennis,100m,2024,461,15,0,0,0
Cycling,Freestyle,2024,775,49,1,1,0
Athletics,400m,2016,388,1,0,1,0
Shooting,400m,2024,864,27,0,0,0
Cycling,200m,2008,426,7,1,0,0
Rowing,Singles,2024,569,44,1,1,0
Weightlifting,Singles,2024,581,14,1,1,0
Weightlifting,All Around,2012,324,17,0,0,0
Wrestling,Final,2016,792,35,1,0,0
Gymnastics,100m,2008,755,45,0,1,1
Weightlifting,400m,2004,531,12,0,0,0
Swimming,Singles,2020,557,5,0,0,1
Shooting,Singles,2004,266,17,1,0,0
Swimming,Butterfly,2016,871,14,0,0,0
Shooting,400m,2020,453,5,1,0,1
Tennis,400m,2024,283,22,0,0,0
Swimming,100m,2024,32,6,1,0,0
Athletics,Relay,2016,976,7,1,1,0
Weightlifting,100m,2024,154,23,1,1,0
Shooting,Final,2012,268,11,0,0,1
Rowing,All Around,2020,933,50,0,0,0
Rowing,Singles,2020,808,3,1,1,1
Swimming,Singles,2016,479,2,0,0,0
Rowing,Relay,2016,354,41,1,0,1
Shooting,Final,2020,154,26,1,0,0
Wrestling,400m,2012,524,15,1,1,0
Boxing,Final,2008,804,37,1,0,0
Tennis,100m,2016,213,16,1,1,1
Swimming,Doubles,2024,976,34,0,0,0
Swimming,Final,2004,951,8,1,1,0
Shooting,Singles,2024,6,17,1,0,1
Tennis,Relay,2020,199,25,0,0,1
Rowing,Relay,2008,690,5,0,1,1
Gymnastics,Singles,2020,661,43,1,1,1
Gymnastics,100m,2008,901,27,0,1,1
Cycling,200m,2012,984,50,1,0,1
Swimming,Butterfly,2012,969,41,1,0,1
Boxing,Final,2004,192,26,0,1,1
Shooting,400m,2012,197,47,0,0,1
Wrestling,Final,2016,812,18,1,0,0
Athletics,Freestyle,2008,570,45,0,1,1
Gymnastics,All Around,2020,852,45,0,1,0
Rowing,100m,2012,245,14,0,0,1
Cycling,Singles,2012,602,21,0,1,0
Gymnastics,200m,2004,97,46,1,1,0
Shooting,100m,2020,1000,13,0,0,0
Tennis,Relay,2008,415,42,1,0,0
Wrestling,100m,2024,79,6,1,1,1
Athletics,All Around,2020,879,27,0,0,0
Cycling,100m,2004,601,7,1,1,0
Shooting,400m,2020,537,1,0,1,1
Tennis,All Around,2012,747,19,0,1,0
Weightlifting,Relay,2016,377,40,1,0,0
Athletics,Final,2020,73,8,1,0,1
Cycling,Relay,2016,543,31,1,0,0
Wrestling,Relay,2008,835,47,0,0,0
Athletics,Relay,2016,282,22,1,1,0
Athletics,Final,2004,713,48,1,0,1
Swimming,Freestyle,2024,22,50,1,0,1
Wrestling,Butterfly,2016,990,48,0,0,0
Gymnastics,Butterfly,2004,962,3,0,0,0
Boxing,Butterfly,2016,906,39,0,0,1
Gymnastics,All Around,2004,329,48,0,0,0
Cycling,Final,2012,365,4,1,0,1
Weightlifting,200m,2016,642,32,1,0,0
Shooting,Final,2012,768,3,0,0,1
Shooting,100m,2020,459,50,0,1,1
Cycling,All Around,2024,935,36,0,1,0
Cycling,Relay,2024,384,40,0,0,0
Boxing,All Around,2024,711,2,0,1,0
Rowing,Final,2020,187,2,1,1,0
Wrestling,Doubles,2024,587,40,1,1,1
Shooting,Doubles,2020,764,47,1,0,1
Gymnastics,Singles,2012,594,25,0,0,1
Weightlifting,200m,2012,22,50,1,0,0
Cycling,200m,2008,860,50,0,1,0
Wrestling,Butterfly,2020,574,4,1,0,1
Gymnastics,Butterfly,2024,121,30,1,0,1
Gymnastics,Relay,2012,576,47,0,0,1
Weightlifting,Freestyle,2024,250,34,0,0,1
Swimming,Freestyle,2016,909,43,0,0,1
Boxing,100m,2020,824,10,1,1,0
Wrestling,Final,2004,803,36,1,1,1
Wrestling,200m,2008,16,36,1,1,0
Gymnastics,Relay,2020,322,37,1,0,1
Cycling,Final,2016,555,10,0,1,1
Swimming,100m,2008,490,49,0,0,0
Shooting,Butterfly,2020,401,25,0,0,0
Wrestling,Singles,2008,77,6,0,1,0
Swimming,200m,2016,541,4,1,0,1
Weightlifting,200m,2024,330,4,1,1,0
Shooting,Relay,2020,973,29,1,0,0
Boxing,Relay,2024,287,18,0,1,1
Tennis,Doubles,2012,401,11,0,1,0
Wrestling,Butterfly,2024,134,39,0,1,0
Shooting,200m,2024,894,32,1,1,0
Gymnastics,Doubles,2024,955,39,0,1,0
Wrestling,Singles,2024,547,17,0,0,0
Cycling,All Around,2008,92,9,1,1,0
Cycling,Freestyle,2016,112,30,0,1,0
Cycling,400m,2024,105,6,0,0,1
Athletics,Relay,2016,244,33,1,0,1
Tennis,Singles,2020,1000,23,1,0,0
Cycling,All Around,2004,913,43,1,1,1
Weightlifting,100m,2024,985,11,1,0,0
Wrestling,Final,2020,45,7,1,1,1
Swimming,Relay,2016,210,44,1,0,1
Tennis,Singles,2004,950,10,1,1,0
Gymnastics,200m,2004,854,11,0,1,0
Athletics,Relay,2012,532,27,0,1,1
Weightlifting,All Around,2008,777,28,0,0,0
Shooting,400m,2020,698,21,1,0,1
Cycling,Doubles,2016,983,48,0,1,1
Wrestling,200m,2016,490,45,0,1,1
Cycling,Butterfly,2020,799,10,0,1,0
Wrestling,Singles,2008,87,43,0,0,0
Boxing,Freestyle,2024,164,6,1,1,0
Boxing,Singles,2016,960,7,1,1,0
Athletics,Singles,2024,789,12,0,0,1
Weightlifting,Butterfly,2016,774,39,0,1,0
Wrestling,Doubles,2020,555,19,0,0,0
Swimming,Freestyle,2004,975,39,0,1,1
Shooting,Final,2024,134,20,1,0,0
Rowing,Freestyle,2016,642,35,1,0,1
Athletics,Freestyle,2008,241,35,1,1,1
Tennis,Relay,2020,788,43,0,0,1
Rowing,Butterfly,2004,987,40,0,1,1
Weightlifting,Singles,2016,394,35,0,1,1
Gymnastics,400m,2012,529,37,0,1,0
Shooting,Freestyle,2024,537,1,1,0,0
Boxing,100m,2024,276,2,1,1,1
Weightlifting,Freestyle,2024,468,37,0,0,0
Gymnastics,Final,2020,181,50,1,1,1
Rowing,400m,2020,403,30,1,0,0
Boxing,Doubles,2012,191,41,0,0,1
Wrestling,Relay,2008,560,37,0,1,1
Gymnastics,Final,2004,701,44,1,0,1
Tennis,400m,2012,399,11,0,1,0
Cycling,Freestyle,2020,623,44,1,0,0
Shooting,200m,2020,728,26,1,1,0
Tennis,Singles,2012,980,25,1,0,1
Tennis,Final,2012,230,1,0,1,0
Shooting,Doubles,2004,949,8,1,1,0
Swimming,Relay,2020,854,46,1,0,1
Swimming,200m,2012,216,26,1,0,1
Rowing,All Around,2004,335,21,0,0,0
Gymnastics,Freestyle,2020,908,14,1,1,0
Cycling,Butterfly,2016,872,21,0,0,1
Gymnastics,200m,2012,974,50,0,0,1
Gymnastics,All Around,2016,631,34,0,1,0
Weightlifting,400m,2016,7,18,1,0,0
Shooting,Singles,2020,878,50,1,1,0
Gymnastics,Freestyle,2020,829,50,1,1,0
Boxing,Doubles,2020,426,49,1,1,1
Rowing,400m,2008,505,46,1,1,1
Shooting,Freestyle,2024,603,28,1,1,1
Gymnastics,Singles,2008,312,40,0,0,1
Boxing,100m,2008,955,1,0,0,0
Rowing,Freestyle,2024,236,38,0,0,0
Gymnastics,200m,2012,890,21,0,0,0
Boxing,Freestyle,2016,35,34,0,1,0
Athletics,Final,2012,292,34,1,1,1
Gymnastics,All Around,2024,960,15,1,1,1
Rowing,Butterfly,2008,765,1,0,1,0
Boxing,Final,2008,973,5,0,0,0
Gymnastics,Relay,2004,130,13,0,0,1
Weightlifting,200m,2004,387,48,0,0,0
Wrestling,Final,2016,164,14,1,1,0
Shooting,400m,2016,414,34,0,1,0
Gymnastics,Freestyle,2016,476,21,1,1,1
Tennis,400m,2016,159,37,0,1,0
Weightlifting,200m,2020,837,50,1,1,0
Athletics,Butterfly,2004,563,12,1,0,1
Gymnastics,200m,2016,704,14,0,1,0
Weightlifting,Doubles,2008,980,2,1,0,0
Gymnastics,Doubles,2020,932,40,0,1,0
Athletics,Butterfly,2012,674,38,0,1,0
Shooting,Singles,2008,243,11,1,1,0
Weightlifting,Singles,2008,328,36,1,1,1
Athletics,All Around,2024,661,30,1,0,0
Wrestling,Final,2008,965,2,1,1,1
Weightlifting,All Around,2020,733,47,0,0,1
Weightlifting,Doubles,2016,3,12,0,1,0
Gymnastics,100m,2012,253,43,1,1,0
Cycling,All Around,2024,917,21,0,0,0
Gymnastics,100m,2024,771,7,0,1,1
Swimming,Singles,2008,178,3,0,1,1
Weightlifting,All Around,2020,516,33,1,1,0
Boxing,Singles,2012,190,16,1,0,0
Cycling,100m,2012,310,16,1,0,1
Athletics,All Around,2004,356,11,0,0,0
Gymnastics,Doubles,2008,798,47,1,0,0
Rowing,Relay,2016,284,42,0,0,0
Swimming,Doubles,2016,482,6,0,1,0
Weightlifting,200m,2008,408,4,0,0,0
Cycling,400m,2004,888,44,1,1,1
Gymnastics,100m,2004,621,50,0,0,0
Wrestling,Butterfly,2004,133,12,0,0,0
Tennis,400m,2024,352,43,1,0,0
Weightlifting,Relay,2004,301,37,0,1,1
Boxing,Relay,2020,14,43,0,1,1
Shooting,200m,2008,783,19,0,0,0
Rowing,100m,2020,700,26,0,1,0
Weightlifting,Freestyle,2008,154,39,1,1,0
Swimming,Doubles,2008,718,24,1,1,0
Swimming,Relay,2024,683,37,1,0,1
Swimming,200m,2008,993,30,0,0,1
Cycling,Butterfly,2012,563,21,1,1,1
Gymnastics,Relay,2004,266,5,0,0,0
Tennis,100m,2016,127,24,0,1,0
Shooting,All Around,2012,62,11,0,1,0
Wrestling,Butterfly,2020,23,27,0,0,0
Rowing,Singles,2024,968,7,1,1,1
Gymnastics,100m,2008,719,46,1,0,0
Swimming,200m,2004,631,24,1,1,1
Boxing,Butterfly,2012,638,5,1,1,1
Boxing,Final,2016,864,12,0,1,1
Athletics,400m,2012,473,28,0,0,0
Shooting,100m,2004,817,33,0,0,0
Swimming,Butterfly,2020,236,7,1,1,1
Athletics,All Around,2008,434,34,0,0,0
Boxing,All Around,2004,152,38,0,0,1
Swimming,All Around,2004,201,33,0,1,1
Athletics,Relay,2004,474,46,0,1,0
Swimming,Final,2012,994,34,1,1,1
Cycling,Butterfly,2008,117,46,0,0,0
Weightlifting,Butterfly,2008,358,35,1,1,1
Wrestling,Doubles,2012,509,2,0,0,0
Boxing,Relay,2024,823,50,0,1,0
Tennis,Final,2016,911,26,1,0,0
Boxing,Doubles,2004,538,16,0,1,0
Swimming,100m,2012,413,27,1,0,1
Boxing,Doubles,2004,774,5,0,0,1
Weightlifting,All Around,2024,479,8,1,0,0
Rowing,Doubles,2008,557,50,0,1,0
Boxing,Relay,2024,725,5,1,0,0
Rowing,Doubles,2020,514,3,1,1,1
Weightlifting,Singles,2016,655,15,0,0,1
Weightlifting,All Around,2024,124,27,1,1,0
Wrestling,Butterfly,2004,153,14,1,1,0
Tennis,All Around,2020,273,16,0,0,1
Wrestling,400m,2008,755,45,1,0,1
Swimming,200m,2024,843,17,0,1,0
Swimming,Relay,2016,53,33,1,0,0
Athletics,Butterfly,2004,862,11,0,1,0
Shooting,200m,2008,379,44,1,0,0
Athletics,All Around,2004,749,35,1,0,0
Shooting,Butterfly,2012,312,35,0,0,0
Tennis,Freestyle,2020,526,48,0,1,1
Tennis,100m,2020,177,4,0,1,0
Wrestling,All Around,2012,485,43,0,0,0
Wrestling,Doubles,2004,307,39,1,0,0
Gymnastics,Singles,2016,691,38,1,0,1
Shooting,Singles,2008,475,47,1,1,0
Rowing,100m,2020,364,15,0,1,0
Weightlifting,Butterfly,2004,364,28,0,1,0
Gymnastics,All Around,2012,691,45,0,1,1
Boxing,200m,2016,595,43,1,0,1
Swimming,Doubles,2016,719,41,1,1,1
Shooting,Relay,2024,272,40,1,0,1
Tennis,Singles,2012,156,5,1,0,0
Shooting,Freestyle,2004,396,10,0,1,0
Wrestling,Final,2020,560,9,0,0,1
Shooting,Butterfly,2020,714,33,0,0,1
Gymnastics,Final,2016,492,10,1,0,1
Swimming,Doubles,2004,92,20,0,0,0
Weightlifting,Relay,2012,678,49,0,0,1
Athletics,Relay,2008,487,47,1,0,1
Gymnastics,Relay,2004,941,17,1,0,1
Boxing,100m,2008,369,18,1,1,0
Rowing,200m,2020,100,28,1,0,0
Rowing,Final,2004,807,37,1,1,0
Tennis,All Around,2024,67,50,0,1,0
Shooting,Singles,2024,3,26,1,0,0
Rowing,200m,2016,278,27,0,0,1
Weightlifting,400m,2016,642,25,1,1,0
Weightlifting,Butterfly,2024,634,36,1,1,1
Weightlifting,Final,2024,914,6,1,1,1
Boxing,100m,2004,128,40,0,0,0
Tennis,Freestyle,2008,714,25,0,1,0
Athletics,All Around,2004,433,44,0,0,1
Cycling,Butterfly,2012,255,27,0,0,1
Boxing,Freestyle,2020,58,25,1,0,0
Swimming,Doubles,2024,667,37,1,0,1
Shooting,Doubles,2012,184,4,1,1,1
Rowing,Singles,2020,446,28,1,1,0
Boxing,Butterfly,2012,166,1,1,1,1
Boxing,All Around,2016,349,35,0,1,1
Boxing,Relay,2008,801,33,0,1,0
Cycling,Freestyle,2012,819,26,1,0,0
Wrestling,Freestyle,2024,297,4,0,1,1
Weightlifting,Doubles,2012,235,4,0,1,0
Gymnastics,200m,2008,156,19,0,1,1
Tennis,All Around,2012,411,9,1,0,1
Swimming,200m,2004,182,18,0,0,1
Shooting,Final,2020,817,34,1,0,0
Shooting,100m,2004,486,38,1,1,1
Shooting,400m,2008,896,6,0,1,1
Swimming,Final,2016,139,46,1,1,0
Wrestling,200m,2008,748,8,0,0,0
Shooting,Final,2008,754,49,1,1,0
Wrestling,Freestyle,2024,603,47,1,0,1
Shooting,Freestyle,2024,173,24,1,0,1
Gymnastics,200m,2024,571,45,0,1,1
Boxing,Final,2004,33,44,1,1,1
Boxing,Final,2024,479,22,0,0,0
Athletics,400m,2008,158,46,1,1,1
Weightlifting,200m,2016,449,50,1,0,0
Rowing,400m,2016,174,2,0,1,0
Athletics,All Around,2012,732,1,0,0,1
Cycling,100m,2012,337,46,0,0,1
Weightlifting,Relay,2012,737,35,0,1,0
Boxing,Relay,2012,13,3,0,0,1
Tennis,All Around,2020,294,33,0,1,1
Gymnastics,Final,2012,261,43,1,1,1
Wrestling,100m,2020,216,35,1,0,1
Weightlifting,Doubles,2008,462,46,0,0,1
Cycling,Doubles,2004,151,35,1,1,1
Weightlifting,Doubles,2020,436,38,0,0,1
Boxing,All Around,2020,720,9,1,0,1
Tennis,400m,2012,386,15,0,0,1
Rowing,400m,2012,136,14,0,1,0
Shooting,Relay,2008,582,7,0,0,1
Swimming,Butterfly,2008,967,37,0,0,0
Weightlifting,Singles,2008,172,10,0,0,0
Swimming,400m,2008,180,1,0,0,1
Tennis,Butterfly,2016,118,3,0,1,1
Athletics,100m,2020,86,19,0,1,1
Athletics,Final,2004,940,47,0,1,1
Cycling,200m,2020,523,49,0,1,1
Wrestling,Singles,2024,142,13,1,1,1
Weightlifting,Freestyle,2024,810,7,0,0,0
Swimming,All Around,2016,938,12,0,1,1
Boxing,Doubles,2016,449,5,1,0,0
Wrestling,Butterfly,2024,400,28,1,0,0
Swimming,Butterfly,2012,307,6,0,0,1
Swimming,All Around,2020,332,7,1,1,1
Swimming,Singles,2020,16,24,0,1,1
Shooting,Relay,2012,568,10,1,1,0
Wrestling,Doubles,2016,804,1,0,1,0
Tennis,Singles,2024,677,42,1,0,1
Swimming,Freestyle,2020,440,12,1,1,0
Weightlifting,All Around,2016,24,45,0,0,0
Athletics,400m,2016,903,45,1,1,0
Wrestling,100m,2012,81,36,0,1,0
Athletics,All Around,2012,344,33,1,0,1
Tennis,All Around,2012,724,6,0,1,1
Wrestling,Doubles,2008,803,5,0,0,1
Athletics,Doubles,2024,607,26,0,1,1
Gymnastics,400m,2008,618,31,1,0,1
Swimming,Final,2024,749,24,1,0,0
Shooting,Freestyle,2024,301,24,1,0,1
Wrestling,Singles,2008,3,37,0,0,1
Tennis,100m,2024,589,2,0,0,1
Cycling,Freestyle,2016,282,4,1,0,0
Gymnastics,Final,2016,182,33,0,1,1
Swimming,100m,2004,498,34,0,0,1
Tennis,Relay,2004,140,27,0,1,1
Swimming,All Around,2004,61,23,0,0,0
Weightlifting,Freestyle,2004,626,12,1,0,0
Boxing,400m,2016,83,48,0,1,0
Tennis,100m,2020,140,13,0,0,1
Athletics,Butterfly,2020,322,44,0,0,1
Rowing,200m,2020,588,20,1,1,0
Gymnastics,Doubles,2020,480,27,0,1,1
Gymnastics,Doubles,2012,286,31,0,1,0
Weightlifting,Singles,2008,486,13,1,0,0
Athletics,100m,2012,341,3,0,1,1
Cycling,400m,2004,480,19,0,1,1
Rowing,Singles,2008,346,10,1,0,1
Rowing,Singles,2016,40,48,1,1,0
Weightlifting,Singles,2008,735,17,1,0,1
Gymnastics,Freestyle,2008,392,41,1,1,0
Shooting,100m,2012,343,4,1,1,1
Swimming,Butterfly,2012,460,40,1,1,0
Boxing,Butterfly,2008,211,37,0,0,0
Shooting,Freestyle,2012,110,3,1,1,0
Weightlifting,200m,2008,103,6,0,1,1
Athletics,Doubles,2024,20,10,1,1,1
Wrestling,100m,2024,720,12,0,0,1
Weightlifting,Freestyle,2008,323,18,0,0,0
Athletics,400m,2008,449,21,1,0,0
Gymnastics,Butterfly,2024,942,4,0,1,0
Boxing,Relay,2024,953,12,1,1,1
Weightlifting,Freestyle,2004,449,19,0,1,0
Tennis,Relay,2008,475,39,0,1,1
Swimming,Relay,2024,770,5,0,0,1
Rowing,Doubles,2008,994,20,0,0,0
Swimming,Final,2012,130,3,0,1,0
Shooting,Doubles,2024,996,49,1,0,0
Shooting,Final,2024,629,7,0,1,0
Shooting,Freestyle,2012,779,49,0,1,1
Gymnastics,100m,2012,398,5,0,0,1
Tennis,Doubles,2020,14,42,0,1,1
Shooting,100m,2004,560,25,1,1,1
Swimming,Relay,2016,513,18,0,0,0
Weightlifting,Final,2012,595,45,1,0,0
Swimming,Butterfly,2016,470,25,0,1,1
Swimming,Relay,2008,649,23,0,0,1
Cycling,Butterfly,2012,262,9,1,0,1
Athletics,All Around,2020,261,12,0,0,0
Cycling,Relay,2012,339,7,0,0,0
Weightlifting,100m,2024,917,27,0,1,0
Swimming,Singles,2020,936,27,1,0,0
Gymnastics,200m,2004,394,26,1,0,0
Weightlifting,100m,2012,918,44,1,1,1
Weightlifting,Singles,2020,462,21,0,0,0
Weightlifting,Doubles,2016,320,11,1,0,0
Cycling,Butterfly,2024,824,12,0,0,1
Boxing,Freestyle,2020,192,5,1,1,1
Swimming,Doubles,2008,2,29,0,0,1
Gymnastics,Relay,2024,770,36,0,0,0
Wrestling,400m,2004,663,39,0,0,1
Shooting,200m,2020,587,32,0,1,0
Wrestling,200m,2004,516,28,0,1,1
Shooting,Singles,2004,748,38,1,1,1
Gymnastics,200m,2016,570,34,0,0,1
Cycling,All Around,2020,784,45,0,0,1
Weightlifting,400m,2020,931,38,1,0,1
Boxing,Final,2004,674,7,0,0,1
Gymnastics,100m,2004,182,36,0,1,0
Cycling,400m,2024,969,10,0,1,0
Rowing,Final,2016,286,42,0,0,0
Athletics,Butterfly,2012,592,39,0,0,0
Swimming,400m,2004,650,14,0,1,0
Cycling,400m,2008,735,29,1,1,0
Athletics,Relay,2012,736,13,0,0,0
Wrestling,Freestyle,2004,417,17,1,0,0
Swimming,Freestyle,2024,813,39,0,1,1
Tennis,Freestyle,2016,925,38,0,0,0
Athletics,100m,2024,166,39,0,1,0
Tennis,Final,2016,886,39,0,0,0
Athletics,100m,2012,254,48,1,0,1
Wrestling,400m,2008,582,6,0,0,1
Tennis,100m,2020,58,24,1,1,1
Wrestling,All Around,2004,393,15,1,0,0
Weightlifting,Singles,2016,371,24,0,1,1
Rowing,Final,2024,38,29,1,1,0
Rowing,Doubles,2008,735,15,1,1,0
Rowing,Doubles,2016,172,30,0,0,0
Wrestling,400m,2016,904,8,0,1,0
Rowing,Relay,2016,682,9,1,1,1
Gymnastics,200m,2024,528,33,0,1,0
Weightlifting,Butterfly,2008,655,16,1,0,1
Rowing,Relay,2008,574,22,0,0,1
Tennis,400m,2012,683,4,1,0,0
Cycling,Final,2008,973,3,0,0,0
Boxing,Singles,2016,416,2,1,1,1
Tennis,Butterfly,2024,578,44,1,1,1
Tennis,Butterfly,2020,730,47,1,1,0
Boxing,Relay,2016,380,37,1,1,1
Wrestling,Doubles,2020,392,5,1,0,1
Gymnastics,200m,2008,352,19,1,0,0
Weightlifting,Freestyle,2020,940,20,0,1,0
Wrestling,Doubles,2008,331,24,1,1,1
Tennis,400m,2004,874,16,0,1,1
Gymnastics,Relay,2012,796,46,0,1,0
Wrestling,200m,2012,54,43,1,0,0
Gymnastics,Butterfly,2004,309,50,1,1,0
Swimming,All Around,2020,423,15,1,0,0
Swimming,100m,2020,662,44,0,1,1
Gymnastics,400m,2004,82,24,1,0,1
Boxing,400m,2008,372,43,1,0,1
Shooting,All Around,2012,274,44,1,0,0
Tennis,Relay,2024,989,11,0,1,1
Gymnastics,Relay,2016,474,29,0,1,1
Boxing,Butterfly,2008,200,30,0,0,1
Swimming,100m,2024,718,23,0,1,0
Swimming,Freestyle,2012,665,34,0,0,0
Gymnastics,All Around,2024,183,47,0,0,1
Gymnastics,Freestyle,2016,679,13,0,1,0
Weightlifting,Final,2008,991,37,0,0,1
Shooting,200m,2016,169,3,0,0,0
Wrestling,Doubles,2012,360,46,0,1,0
Swimming,Doubles,2024,191,37,1,0,1
Gymnastics,Freestyle,2020,361,43,0,0,0
Gymnastics,400m,2024,710,50,1,0,0
Shooting,Doubles,2020,179,1,1,1,1
Cycling,Freestyle,2008,133,15,1,1,0
Shooting,Freestyle,2004,481,26,0,0,1
Swimming,Singles,2008,399,39,1,0,0
Cycling,Butterfly,2004,102,1,1,0,0
Wrestling,200m,2012,661,36,0,0,0
Tennis,Butterfly,2024,781,17,1,1,1
Cycling,Freestyle,2016,772,17,0,0,0
Cycling,400m,2008,976,11,0,0,1
Rowing,400m,2012,574,43,0,0,0
Boxing,Butterfly,2004,387,12,1,0,1
Swimming,Butterfly,2008,854,41,1,0,0
Athletics,Singles,2004,279,26,1,1,0
Cycling,100m,2016,686,21,0,1,0
Shooting,Freestyle,2008,14,43,0,0,1
Gymnastics,Butterfly,2024,59,33,1,1,0
Weightlifting,All Around,2024,375,25,0,1,1
Tennis,100m,2012,327,17,0,0,0
Boxing,200m,2016,738,18,0,0,1
Boxing,Butterfly,2012,18,37,0,1,0
Weightlifting,Freestyle,2016,561,32,1,0,0
Tennis,100m,2008,19,17,0,1,0
Swimming,200m,2020,888,42,1,0,0
Athletics,400m,2012,76,13,0,1,1
Tennis,Singles,2020,663,30,1,0,1
Cycling,200m,2008,437,32,1,0,0
Weightlifting,400m,2008,449,42,1,0,1
Boxing,Doubles,2020,548,40,1,1,1
Cycling,Relay,2024,702,37,1,0,0
Weightlifting,200m,2024,789,25,1,1,0
Swimming,Singles,2024,743,38,1,0,0
Athletics,400m,2004,163,8,0,1,0
Boxing,All Around,2016,279,19,1,1,1
Swimming,100m,2004,144,27,1,1,1
Rowing,Singles,2024,781,28,1,1,1
Weightlifting,All Around,2020,461,20,0,1,0
Wrestling,Freestyle,2016,708,3,1,1,0
Swimming,Butterfly,2008,362,21,0,1,0
Swimming,Doubles,2024,396,18,1,0,1
Tennis,200m,2004,904,41,1,0,1
Cycling,Freestyle,2008,51,45,1,1,0
Gymnastics,Freestyle,2012,113,11,0,1,1
Cycling,Butterfly,2012,241,6,1,1,1
Weightlifting,Butterfly,2012,945,19,1,1,0
Rowing,Freestyle,2012,896,19,0,1,1
Athletics,Final,2020,125,26,0,0,1
Rowing,Doubles,2016,292,15,1,1,1
Swimming,Singles,2024,857,43,0,0,0
Swimming,Doubles,2012,513,27,0,1,0
Weightlifting,Singles,2024,790,34,1,0,0
Gymnastics,200m,2004,916,49,1,0,0
Gymnastics,200m,2016,780,3,1,1,1
Shooting,Freestyle,2008,294,41,1,1,1
Tennis,Doubles,2008,880,50,0,0,0
Swimming,100m,2012,285,37,1,1,1
Athletics,400m,2024,626,15,0,0,0
Boxing,200m,2008,798,8,0,1,1
Wrestling,Freestyle,2020,724,39,1,0,1
Weightlifting,Freestyle,2024,694,31,0,1,0
Weightlifting,Doubles,2008,968,5,1,1,1
Cycling,Final,2024,336,26,1,0,0
Athletics,Relay,2020,564,24,0,0,1
Gymnastics,Relay,2016,162,43,0,0,0
Cycling,Final,2016,300,12,1,1,0
Athletics,100m,2012,238,43,1,1,1
Shooting,100m,2004,566,42,1,0,1
Wrestling,Doubles,2004,157,42,0,1,1
Rowing,200m,2016,270,13,0,1,0
Boxing,100m,2008,234,35,1,0,0
Gymnastics,Singles,2020,967,18,1,1,1
Gymnastics,All Around,2012,748,49,0,0,0
Gymnastics,Singles,2008,639,15,0,0,0
Gymnastics,Freestyle,2016,588,7,0,0,0
Cycling,100m,2008,203,17,1,1,1
Athletics,200m,2024,923,28,1,1,0
Tennis,Butterfly,2008,795,31,1,1,0
Swimming,400m,2012,658,24,0,0,0
Gymnastics,Relay,2024,596,36,1,1,0
Cycling,100m,2008,278,46,0,0,0
Shooting,Final,2016,70,38,0,0,1
Gymnastics,400m,2024,817,9,1,0,1
Swimming,All Around,2024,424,17,1,0,1
Tennis,Freestyle,2012,424,7,0,1,0
Wrestling,Freestyle,2024,555,15,1,0,1
Gymnastics,Freestyle,2020,894,5,0,0,1
Weightlifting,100m,2020,801,45,1,1,1
Shooting,Final,2024,261,33,0,0,1
Cycling,Relay,2016,588,50,0,0,0
Gymnastics,200m,2004,49,8,1,0,0
Boxing,Singles,2016,827,48,0,0,1
Swimming,All Around,2012,711,3,0,0,1
Athletics,Doubles,2020,633,17,1,0,1
Athletics,All Around,2004,177,12,0,1,1
Rowing,Relay,2008,571,30,0,0,0
Boxing,Final,2008,148,8,1,0,1
Boxing,Final,2020,901,42,1,0,0
Swimming,Singles,2008,208,19,1,1,1
Swimming,Final,2020,861,34,1,1,0
Rowing,All Around,2004,824,11,0,1,1
Shooting,Freestyle,2004,627,50,1,0,1
Tennis,Final,2020,719,12,1,1,0
Gymnastics,Doubles,2024,325,27,0,1,0
Tennis,All Around,2016,327,11,0,1,0
Swimming,Butterfly,2004,908,26,1,0,0
Weightlifting,400m,2004,670,24,0,0,1
Athletics,200m,2012,947,50,1,0,0
Gymnastics,Doubles,2012,324,49,1,0,1
Cycling,All Around,2024,738,10,1,0,1
Gymnastics,100m,2016,387,5,1,1,0
Shooting,Freestyle,2004,200,14,0,0,0
Swimming,Final,2020,548,15,0,0,0
Gymnastics,400m,2004,973,12,0,1,1
Shooting,200m,2024,382,35,0,1,1
Shooting,All Around,2016,306,1,0,0,1
Rowing,Singles,2020,60,25,1,1,0
Swimming,100m,2016,182,37,1,1,1
Cycling,Freestyle,2020,336,50,1,1,1
Wrestling,Final,2024,122,39,1,0,0
Rowing,400m,2004,626,10,1,0,0
Athletics,Relay,2008,18,20,0,0,1
Gymnastics,Doubles,2012,545,14,0,1,1
Shooting,Doubles,2024,887,8,0,1,1
Gymnastics,Butterfly,2020,625,39,1,0,0
Shooting,Relay,2004,754,36,0,0,0
Wrestling,Butterfly,2016,22,48,0,0,0
Swimming,Freestyle,2008,766,11,1,0,1
Cycling,200m,2004,330,41,0,1,0
Rowing,Relay,2020,921,16,0,1,0
Wrestling,Doubles,2008,676,50,0,0,1
Wrestling,Singles,2024,443,11,1,1,0
Cycling,400m,2020,911,14,1,0,0
Tennis,Butterfly,2024,86,33,1,0,1
Gymnastics,Butterfly,2016,108,16,1,1,0
Swimming,200m,2008,159,43,0,0,0
Weightlifting,400m,2004,690,35,0,1,0
Tennis,Doubles,2024,877,5,1,1,0
Wrestling,All Around,2016,395,7,0,1,1
Weightlifting,400m,2004,651,35,0,1,0
Athletics,Doubles,2008,479,39,1,1,0
Tennis,Singles,2024,114,23,1,0,1
Boxing,All Around,2008,753,44,0,0,1
Wrestling,Freestyle,2024,977,26,1,0,1
Weightlifting,200m,2008,332,29,0,1,0
Boxing,Freestyle,2008,617,18,1,0,1
Rowing,400m,2020,883,39,0,1,1
Tennis,400m,2020,422,28,1,0,1
Weightlifting,Doubles,2016,497,2,0,1,1
Tennis,Final,2020,361,44,1,1,1
Athletics,Singles,2008,822,39,1,0,1
Tennis,Relay,2012,860,30,1,0,1
Weightlifting,Singles,2020,110,25,1,0,1
Rowing,Freestyle,2004,812,39,0,1,0
Boxing,400m,2004,856,3,0,1,0
Tennis,100m,2016,410,19,0,0,0
Rowing,Singles,2012,368,34,0,0,0
Shooting,Singles,2020,569,13,0,1,1
Rowing,Singles,2020,243,40,1,1,0
Shooting,Freestyle,2016,887,16,0,0,1
Boxing,100m,2004,1,14,0,1,1
Wrestling,200m,2020,910,50,1,0,0
Boxing,Butterfly,2012,100,36,1,0,1
Shooting,Final,2016,460,37,0,1,0
Athletics,Singles,2016,166,27,0,0,0
Cycling,Butterfly,2012,910,45,0,0,0
Rowing,Final,2012,973,17,0,0,1
Tennis,Final,2024,352,28,1,1,0
Rowing,100m,2016,146,50,0,0,1
Boxing,Doubles,2020,447,31,0,1,1
Gymnastics,400m,2008,128,39,0,1,0
Cycling,Final,2016,813,2,1,1,1
Tennis,Butterfly,2012,555,19,1,1,0
Weightlifting,Butterfly,2012,175,7,0,0,1
Swimming,All Around,2004,993,9,1,1,1
Cycling,200m,2008,719,39,0,0,0
Wrestling,400m,2024,190,6,0,1,0
Gymnastics,All Around,2016,161,28,1,0,1
Shooting,Freestyle,2024,692,21,1,0,0
Weightlifting,Final,2008,698,23,0,1,0
Wrestling,200m,2020,336,32,1,0,1
Athletics,100m,2012,939,4,0,1,1
Weightlifting,200m,2012,459,30,1,1,1
Cycling,Freestyle,2024,220,23,0,1,1
Shooting,Final,2004,854,30,0,1,1
Weightlifting,All Around,2008,267,19,0,0,1
Cycling,All Around,2020,548,2,0,0,0
Shooting,Relay,2016,86,5,0,0,0
Wrestling,100m,2020,486,33,0,0,1
Gymnastics,All Around,2020,487,13,0,1,1
Gymnastics,Freestyle,2024,65,21,0,0,1
Rowing,Butterfly,2012,852,43,0,1,0
Tennis,Singles,2004,104,33,0,1,1
Tennis,Relay,2012,286,25,1,0,1
Tennis,Butterfly,2008,607,26,0,1,0
Cycling,Butterfly,2008,602,39,1,1,1
Rowing,Freestyle,2004,625,38,0,0,0
Swimming,Singles,2020,568,22,1,0,0
Shooting,Relay,2024,726,22,0,0,0
Shooting,Doubles,2016,680,34,1,1,0
Rowing,Butterfly,2012,754,33,1,1,1
Tennis,400m,2020,933,24,1,1,1
Shooting,400m,2020,760,8,0,0,0
Athletics,All Around,2024,598,30,0,0,1
Shooting,Singles,2008,655,39,1,0,1
Swimming,Freestyle,2020,542,20,1,1,0
Rowing,Relay,2016,509,49,0,1,0
Athletics,400m,2024,223,41,0,0,1
Wrestling,Singles,2004,794,6,0,1,0
Rowing,Freestyle,2020,12,2,0,0,1
Tennis,Doubles,2004,380,21,0,1,1
Weightlifting,Relay,2008,843,24,0,1,0
Tennis,100m,2024,327,13,0,1,0
Athletics,200m,2020,247,38,0,0,0
Shooting,400m,2020,486,20,0,1,1
Athletics,Relay,2024,437,3,0,1,0
Shooting,200m,2004,291,21,0,0,1
Cycling,All Around,2008,411,5,1,1,0
Wrestling,Butterfly,2008,937,29,0,0,1
Shooting,Doubles,2016,582,16,0,1,0
Weightlifting,100m,2024,8,41,1,1,1
Athletics,Freestyle,2024,979,19,1,0,0
Boxing,Butterfly,2016,246,38,1,0,1
Boxing,200m,2004,389,19,0,1,0
Gymnastics,Singles,2008,483,32,0,1,0
Gymnastics,Singles,2020,432,50,1,1,0
Boxing,Relay,2012,182,34,0,1,1
Rowing,200m,2024,700,27,0,0,0
Weightlifting,All Around,2012,650,14,1,1,1
Rowing,100m,2012,987,8,0,0,0
Gymnastics,All Around,2008,9,17,0,1,1
Cycling,Butterfly,2008,957,33,0,1,1
Rowing,All Around,2004,542,49,0,1,0
Swimming,Doubles,2016,589,3,1,1,1
Rowing,Doubles,2024,989,45,0,0,0
Shooting,Singles,2012,962,40,1,1,1
Boxing,200m,2024,243,50,1,1,0
Tennis,200m,2016,273,13,0,1,0
Athletics,Butterfly,2012,795,47,0,0,1
Cycling,Doubles,2020,779,34,0,1,0
Shooting,All Around,2016,668,48,1,0,0
Cycling,Butterfly,2012,780,31,1,0,1
Athletics,Relay,2024,9,39,0,0,1
Cycling,Singles,2024,895,27,0,0,0
Wrestling,400m,2012,271,11,0,1,0
Gymnastics,Relay,2004,626,3,1,1,1
Gymnastics,100m,2012,777,18,0,0,0
Tennis,Doubles,2024,279,7,0,0,1
Boxing,Relay,2020,659,5,0,1,1
Athletics,400m,2008,769,18,1,0,1
Gymnastics,Butterfly,2012,887,37,1,0,0
Gymnastics,Freestyle,2004,508,20,0,0,1
Swimming,Final,2024,662,44,0,0,1
Athletics,200m,2020,849,40,0,0,0
Rowing,Butterfly,2020,442,7,1,0,0
Tennis,100m,2008,560,26,1,0,0
Gymnastics,100m,2004,609,22,0,1,1
Gymnastics,200m,2020,370,13,1,0,0
Boxing,All Around,2016,620,21,0,0,0
Tennis,Relay,2008,342,37,0,0,1
Cycling,Doubles,2016,92,13,0,1,0
Gymnastics,200m,2004,210,35,1,0,1
Athletics,Butterfly,2016,146,12,0,0,1
Boxing,Final,2024,418,8,1,0,0
Shooting,200m,2016,855,1,1,1,1
Cycling,Butterfly,2004,149,15,1,1,0
Gymnastics,Freestyle,2008,96,42,1,0,0
Boxing,400m,2008,934,38,1,0,0
Swimming,Doubles,2012,313,48,1,1,0
Wrestling,Doubles,2004,214,44,0,1,1
Boxing,200m,2008,946,9,1,1,0
Tennis,Doubles,2012,738,36,0,0,1
Boxing,Freestyle,2020,554,23,0,1,0
Gymnastics,200m,2004,589,43,0,1,0
Gymnastics,Butterfly,2020,902,26,1,1,1
Tennis,Singles,2016,811,33,1,0,0
Tennis,Butterfly,2004,930,1,1,1,1
Rowing,100m,2020,768,15,1,0,0
Weightlifting,100m,2016,299,40,0,0,1
Rowing,100m,2004,414,37,0,1,0
Cycling,Freestyle,2008,286,35,1,1,1
Tennis,100m,2020,162,8,0,1,1
Rowing,Butterfly,2008,152,46,0,0,0
Gymnastics,Relay,2024,745,32,0,0,1
Boxing,100m,2008,780,14,0,0,0
Swimming,Singles,2020,386,16,1,1,1
Cycling,Doubles,2004,627,1,0,0,0
Rowing,200m,2016,818,1,0,0,1
Weightlifting,400m,2008,143,44,1,0,1
Weightlifting,Singles,2020,745,30,0,1,0
Shooting,Freestyle,2012,557,6,1,1,1
Wrestling,Relay,2004,52,2,1,0,0
Wrestling,200m,2004,741,16,1,0,0
Shooting,200m,2012,95,43,1,1,1
Shooting,400m,2020,986,20,0,0,0
Rowing,100m,2004,372,14,1,0,1
Wrestling,Butterfly,2004,458,21,1,1,1
Weightlifting,Final,2016,443,29,0,0,0
Swimming,Singles,2008,274,42,0,0,0
Shooting,400m,2008,669,15,1,1,0
Gymnastics,Butterfly,2008,35,34,1,0,1
Rowing,Freestyle,2008,479,15,1,0,1
Rowing,400m,2008,353,30,0,0,1
Athletics,400m,2020,97,50,0,1,0
Shooting,200m,2024,429,5,0,1,1
Weightlifting,100m,2012,682,26,0,0,0
Tennis,Doubles,2008,225,4,1,1,1
Swimming,100m,2004,131,36,0,0,1
Athletics,100m,2004,741,48,0,0,0
Weightlifting,Butterfly,2004,360,6,0,0,1
Shooting,Freestyle,2004,510,48,1,1,1
Cycling,Final,2012,391,47,0,1,0
Gymnastics,All Around,2016,225,41,1,1,0
Athletics,Doubles,2004,341,16,0,1,1
Cycling,Final,2016,866,10,1,0,1
Shooting,Butterfly,2004,503,27,0,0,1
Athletics,400m,2016,685,12,1,1,0
Shooting,Butterfly,2016,721,25,1,1,0
Gymnastics,Final,2004,980,40,1,1,1
Shooting,Final,2020,301,31,1,0,0
Weightlifting,100m,2024,213,24,0,0,1
Athletics,Singles,2012,513,37,1,1,0
Gymnastics,Relay,2012,885,18,0,1,0
Rowing,Butterfly,2024,772,25,0,0,0
Athletics,Freestyle,2024,444,17,1,0,1
Rowing,Doubles,2008,18,26,1,1,0
Athletics,200m,2024,728,40,1,0,0
Shooting,400m,2016,256,1,1,0,1
Cycling,Freestyle,2024,601,19,0,0,1
Weightlifting,Butterfly,2020,24,26,1,1,0
Boxing,200m,2004,45,12,0,0,1
Rowing,Relay,2024,768,18,0,0,0
Swimming,200m,2024,412,4,1,1,0
Cycling,All Around,2008,103,46,1,0,0
Cycling,400m,2004,716,13,0,1,0
Athletics,200m,2012,34,1,0,1,1
Athletics,Relay,2004,769,45,1,0,1
Shooting,Butterfly,2004,800,48,0,1,0
Boxing,Doubles,2004,740,33,1,0,1
Tennis,Singles,2012,889,24,0,0,0
Cycling,All Around,2012,229,22,0,0,0
Tennis,400m,2020,542,44,1,0,1
Gymnastics,All Around,2020,779,4,0,1,0
Wrestling,200m,2016,29,36,0,1,0
Gymnastics,Relay,2024,611,49,1,1,1
Tennis,200m,2020,203,32,1,0,0
Tennis,Butterfly,2020,885,7,0,0,1
Shooting,100m,2024,741,46,1,1,1
Shooting,100m,2004,174,42,1,1,0
Gymnastics,Relay,2016,988,12,0,0,1
Weightlifting,100m,2016,617,43,1,1,1
Rowing,Butterfly,2024,484,2,1,1,1
Athletics,Butterfly,2020,707,8,0,1,0
Athletics,Freestyle,2004,754,8,1,1,0
Wrestling,200m,2004,492,1,0,0,1
Swimming,Singles,2012,915,11,1,0,0
Weightlifting,Singles,2008,592,9,1,1,0
Cycling,100m,2004,309,7,1,0,0
Boxing,Relay,2004,151,7,1,0,1
Tennis,Freestyle,2024,564,25,1,1,0
Cycling,Doubles,2012,239,20,0,0,0
Boxing,100m,2004,902,49,1,1,1
Rowing,400m,2016,518,38,1,0,1
Tennis,Relay,2020,346,21,0,0,0
Tennis,All Around,2012,827,7,0,0,1
Weightlifting,All Around,2020,101,22,1,1,0
Wrestling,100m,2024,832,39,1,0,0
Wrestling,100m,2008,303,19,1,1,1
Wrestling,All Around,2016,145,3,1,0,1
Athletics,100m,2016,209,4,1,0,1
Wrestling,Final,2024,493,35,0,1,0
Cycling,200m,2016,326,20,0,0,0
Tennis,Final,2004,861,20,1,1,0
Wrestling,100m,2008,577,12,1,1,1
Shooting,Butterfly,2008,915,29,0,1,0
Tennis,Butterfly,2016,257,9,0,1,1
Cycling,400m,2016,969,5,0,1,0
Shooting,Butterfly,2016,428,45,0,1,0
Cycling,Singles,2016,740,33,1,0,1
Swimming,Final,2020,941,34,1,0,0
Swimming,Freestyle,2012,797,16,1,0,1
Swimming,Singles,2020,791,10,1,0,1
Athletics,Freestyle,2020,875,29,1,1,0
Boxing,Relay,2024,672,48,1,1,1
Swimming,All Around,2020,610,30,1,1,1
Rowing,400m,2016,871,5,0,0,1
Gymnastics,400m,2016,216,26,0,1,0
Gymnastics,100m,2024,181,12,0,1,0
Athletics,200m,2016,851,24,1,1,0
Tennis,200m,2016,169,4,1,0,1
Athletics,Final,2012,858,36,1,0,0
Boxing,400m,2004,856,28,0,0,0
Gymnastics,100m,2008,765,27,0,0,1
Gymnastics,Butterfly,2012,508,5,0,1,0
Athletics,All Around,2016,905,49,0,0,0
Wrestling,Relay,2016,909,50,0,1,0
Swimming,Final,2020,204,14,0,1,1
Gymnastics,Final,2012,386,37,0,0,1
Gymnastics,Doubles,2012,802,29,1,0,0
Shooting,Relay,2020,34,48,1,1,1
Swimming,400m,2012,631,47,1,0,0
Weightlifting,Relay,2008,474,45,0,1,0
Shooting,200m,2008,917,37,0,1,0
Boxing,100m,2012,999,50,1,0,0
Wrestling,Butterfly,2016,405,42,1,0,1
Gymnastics,Singles,2024,312,23,0,1,1
Weightlifting,Doubles,2012,24,29,0,1,1
Swimming,Butterfly,2024,508,24,1,0,0
Swimming,Singles,2004,682,46,0,0,0
Gymnastics,400m,2004,926,24,1,0,0
Rowing,Final,2020,587,3,0,0,0
Boxing,Relay,2008,212,12,0,0,0
Boxing,200m,2004,158,24,1,1,0
Athletics,Doubles,2024,232,22,1,1,0
Cycling,Butterfly,2020,517,36,1,0,0
Cycling,Relay,2008,302,16,1,0,1
Gymnastics,100m,2020,28,23,0,0,0
Rowing,Final,2004,166,38,0,1,1
Weightlifting,Butterfly,2012,930,40,0,0,0
Gymnastics,Relay,2016,412,13,0,1,1
Rowing,Doubles,2012,285,11,0,0,1
Gymnastics,Doubles,2012,657,6,0,1,1
Weightlifting,200m,2020,136,12,1,1,0
Cycling,200m,2016,382,15,1,0,1
Rowing,All Around,2012,155,43,1,1,1
Athletics,400m,2024,27,40,1,0,1
Cycling,100m,2004,585,38,0,1,1
Gymnastics,Final,2004,196,11,0,0,1
Cycling,Freestyle,2012,11,21,0,1,0
Gymnastics,200m,2020,656,7,1,0,0
Shooting,All Around,2016,940,38,1,0,1
Tennis,Doubles,2008,384,45,1,0,0
Athletics,Singles,2020,242,46,1,1,0
Weightlifting,400m,2024,950,1,1,1,1
Swimming,Butterfly,2016,650,25,0,0,0
Gymnastics,Doubles,2020,572,28,1,0,1
Weightlifting,100m,2008,349,30,1,1,1
Swimming,Singles,2012,652,33,1,0,0
Boxing,Butterfly,2024,813,31,0,1,0
Swimming,Singles,2012,408,31,0,0,1
Rowing,Relay,2024,896,21,1,0,1
Gymnastics,Singles,2008,177,12,1,0,0
Shooting,400m,2012,747,43,1,0,1
Tennis,400m,2020,422,13,1,0,0
Athletics,400m,2008,252,18,0,1,0
Weightlifting,100m,2004,621,45,1,1,0
Tennis,100m,2008,420,26,0,1,1
Swimming,Doubles,2012,441,13,0,0,1
Rowing,100m,2004,735,15,0,0,0
Weightlifting,Relay,2008,380,49,0,0,0
Gymnastics,Final,2016,96,6,0,1,0
Swimming,Butterfly,2004,955,34,0,1,1
Swimming,Freestyle,2016,288,26,0,1,0
Tennis,Butterfly,2008,401,19,0,1,0
Swimming,Doubles,2012,234,30,0,0,1
Wrestling,200m,2016,846,28,0,0,0
Cycling,Relay,2016,118,1,1,1,0
Wrestling,Final,2008,962,13,0,1,1
Rowing,Final,2004,938,48,0,1,0
Tennis,All Around,2024,917,25,1,1,1
Swimming,Butterfly,2024,214,17,1,0,0
Rowing,Butterfly,2004,485,21,1,0,1
Swimming,200m,2016,635,40,0,0,1
Gymnastics,100m,2008,294,36,0,1,1
Rowing,Final,2004,788,32,0,0,1
Boxing,Butterfly,2012,816,13,1,1,1
Weightlifting,100m,2008,368,19,1,0,1
Gymnastics,Butterfly,2020,582,3,1,1,0
Cycling,Singles,2016,752,46,1,0,0
Swimming,Doubles,2012,233,33,1,1,1
Rowing,400m,2004,401,47,1,0,1
Weightlifting,Doubles,2004,856,3,0,1,0
Rowing,Butterfly,2004,313,32,1,0,1
Cycling,All Around,2020,980,34,1,1,0
Tennis,100m,2016,746,25,0,1,1
Wrestling,Final,2016,870,30,0,1,0
Wrestling,Singles,2004,377,43,1,0,1
Shooting,Doubles,2020,35,4,0,1,1
Gymnastics,Doubles,2004,12,50,1,1,0
Tennis,Singles,2016,21,19,0,1,1
Wrestling,100m,2012,922,3,0,0,1
Rowing,Butterfly,2020,522,16,0,0,1
Tennis,All Around,2024,217,2,1,1,0
Shooting,400m,2008,753,12,1,1,1
Weightlifting,Final,2004,630,2,1,1,1
Cycling,Singles,2012,693,39,0,1,1
Cycling,Doubles,2016,210,20,0,1,1
Swimming,Freestyle,2024,331,2,1,0,0
Athletics,All Around,2004,269,42,1,0,1
Tennis,100m,2016,401,14,0,0,0
Wrestling,400m,2020,954,44,0,1,0
Weightlifting,Doubles,2008,786,33,0,0,1
Athletics,Singles,2008,429,45,1,0,0
Tennis,200m,2016,756,1,1,1,1
Gymnastics,Butterfly,2020,299,11,0,0,0
Athletics,Relay,2012,310,44,0,0,1
Boxing,Doubles,2020,429,29,0,1,0
Athletics,Doubles,2012,840,35,1,0,0
Boxing,Final,2020,544,11,1,0,1
Cycling,100m,2024,151,45,0,1,0
Wrestling,All Around,2020,881,1,1,1,1
Cycling,200m,2012,905,42,0,0,1
Rowing,Doubles,2024,674,10,0,1,0
Cycling,All Around,2004,118,31,0,0,1
Rowing,100m,2016,901,4,0,0,0
Shooting,200m,2016,164,26,0,0,1
Shooting,400m,2024,892,50,1,1,1
Swimming,100m,2016,151,34,1,0,1
Rowing,200m,2004,430,35,0,1,0
Weightlifting,Butterfly,2004,176,31,1,1,0
Swimming,Singles,2004,544,9,0,0,0
Tennis,100m,2024,776,12,1,0,1
Rowing,Final,2008,334,39,1,0,1
Boxing,Singles,2024,842,32,0,0,0
Swimming,Final,2024,953,43,0,1,0
Boxing,Relay,2016,611,2,0,0,0
Tennis,Freestyle,2008,10,12,1,1,1
Swimming,Relay,2020,386,42,1,0,0
Rowing,Relay,2016,326,9,1,0,1
Boxing,Relay,2024,783,28,1,0,1
Boxing,Final,2024,17,16,1,1,0
Athletics,Freestyle,2024,584,29,1,0,1
Rowing,Butterfly,2016,156,13,0,0,1
Swimming,Butterfly,2016,827,30,1,1,0
Gymnastics,Freestyle,2020,318,37,1,0,0
Swimming,Final,2008,620,34,1,0,0
Wrestling,Doubles,2020,132,1,1,1,1
Athletics,All Around,2020,598,27,0,0,1
Wrestling,Doubles,2020,931,39,0,0,0
Boxing,Singles,2024,489,26,1,1,1
Weightlifting,400m,2012,939,50,1,0,1
Athletics,Relay,2012,538,12,0,1,0
Athletics,Freestyle,2008,618,34,0,0,0
Gymnastics,Butterfly,2004,31,1,0,1,1
Swimming,All Around,2016,151,40,0,1,0
Swimming,Final,2024,959,37,0,0,1
Athletics,100m,2008,529,37,1,1,0
Shooting,All Around,2008,34,38,1,1,1
Rowing,400m,2024,805,43,0,1,0
Boxing,Doubles,2024,665,10,0,0,0
Boxing,Relay,2004,584,32,1,1,0
Weightlifting,Final,2020,928,40,1,0,0
Boxing,Butterfly,2020,135,1,0,1,1
Cycling,100m,2016,631,27,1,0,1
Weightlifting,Freestyle,2016,157,49,1,0,1
Cycling,Final,2016,264,8,0,1,0
Athletics,Relay,2016,677,40,1,1,0
Swimming,100m,2016,502,32,0,0,0
Tennis,Freestyle,2004,232,27,0,0,0
Gymnastics,Freestyle,2020,763,38,0,0,1
Cycling,Relay,2016,42,13,1,0,1
Rowing,Final,2016,294,36,0,1,1
Wrestling,100m,2016,768,35,1,0,0
Boxing,200m,2004,709,31,1,1,0
Weightlifting,200m,2016,645,3,1,0,1
Cycling,400m,2020,608,23,0,1,1
Wrestling,Relay,2012,38,39,0,1,0
Boxing,Freestyle,2020,760,6,0,1,1
Rowing,Final,2024,820,40,1,1,0
Weightlifting,200m,2016,49,42,1,1,0
Swimming,Final,2004,602,16,0,1,1
Rowing,200m,2020,283,2,0,0,0
Athletics,Singles,2004,698,14,1,1,0
Swimming,Relay,2020,381,35,1,1,0
Tennis,Singles,2020,13,10,1,1,0
Weightlifting,Freestyle,2004,995,25,1,1,0
Cycling,Relay,2012,739,27,0,0,0
Cycling,Doubles,2016,308,17,0,0,1
Tennis,100m,2020,738,39,1,0,0
Swimming,200m,2020,717,40,0,1,0
Athletics,200m,2008,698,10,1,1,0
Athletics,Freestyle,2020,283,36,1,0,1
Gymnastics,Butterfly,2008,191,43,0,0,1
Swimming,Final,2016,818,44,0,0,0
Boxing,Relay,2020,927,31,0,1,1
Rowing,Freestyle,2024,286,19,1,0,0
Cycling,200m,2016,769,5,1,1,0
Weightlifting,Doubles,2012,747,16,1,1,1
Wrestling,Butterfly,2008,894,27,0,0,1
Weightlifting,Butterfly,2004,373,15,0,0,1
Athletics,Singles,2012,17,9,1,1,1
Swimming,Relay,2016,530,26,0,1,0
Wrestling,Relay,2004,406,26,0,1,0
Boxing,100m,2008,749,34,0,1,1
Swimming,Doubles,2020,602,8,0,0,0
Weightlifting,200m,2008,61,48,0,0,0
Boxing,400m,2004,623,17,1,0,0
Tennis,Freestyle,2020,479,45,1,0,0
Weightlifting,400m,2016,43,4,1,0,0
Tennis,Freestyle,2016,957,19,1,1,1
Weightlifting,400m,2004,327,19,1,1,1
Cycling,Singles,2004,128,36,0,0,1
Boxing,Freestyle,2020,217,19,1,1,1
Wrestling,400m,2008,612,44,1,0,0
Tennis,Doubles,2016,54,21,1,1,0
Cycling,Butterfly,2004,831,27,0,1,1
Swimming,All Around,2004,304,29,0,1,1
Swimming,400m,2008,362,5,1,1,0
Athletics,Freestyle,2008,698,1,0,1,0
Athletics,Butterfly,2016,829,7,1,1,0
Boxing,Singles,2016,586,4,1,0,0
Rowing,Final,2004,215,16,1,1,1
Weightlifting,Final,2004,727,25,1,1,0
Athletics,Freestyle,2024,962,30,0,1,1
Athletics,Doubles,2024,82,49,1,1,1
Wrestling,Doubles,2008,440,22,1,0,0
Cycling,Freestyle,2024,622,32,1,1,1
Shooting,100m,2012,704,30,0,0,0
Tennis,All Around,2024,91,35,1,0,0
Athletics,Doubles,2008,168,2,1,1,1
Cycling,Relay,2008,871,10,1,0,0
Cycling,Doubles,2016,297,17,0,0,0
Boxing,Relay,2008,836,26,1,1,0
Rowing,400m,2016,485,16,0,0,1
Gymnastics,100m,2008,245,44,0,0,0
Rowing,100m,2004,434,40,0,0,0
Shooting,Final,2012,142,14,1,1,0
Weightlifting,Doubles,2020,153,39,0,1,1
Boxing,200m,2012,863,18,1,0,1
Swimming,All Around,2012,447,37,0,0,0
Athletics,100m,2004,734,26,1,0,0
Gymnastics,400m,2016,641,47,0,0,1
Tennis,All Around,2016,224,14,0,1,0
Wrestling,Butterfly,2012,748,31,0,1,0
Cycling,Singles,2012,54,16,1,0,1
Weightlifting,Freestyle,2008,639,33,1,0,1
Athletics,100m,2024,485,46,1,0,0
Tennis,Final,2004,692,42,1,1,1
Shooting,400m,2016,465,27,0,1,0
Wrestling,400m,2004,863,3,0,1,0
Shooting,Freestyle,2024,868,26,1,1,0
Rowing,Doubles,2016,274,21,1,0,0
Shooting,Relay,2020,716,50,1,1,0
Rowing,Doubles,2024,519,28,0,1,1
Swimming,Final,2020,720,43,0,0,1
Wrestling,Final,2008,131,9,0,1,1
Athletics,400m,2004,161,46,0,0,1
Weightlifting,Final,2020,956,22,0,1,0
Swimming,200m,2008,702,29,1,0,0
Cycling,Doubles,2020,721,20,1,1,0
Gymnastics,Freestyle,2016,733,30,1,0,0
Gymnastics,Relay,2016,539,42,1,0,1
Shooting,Final,2004,398,34,0,1,0
Cycling,Final,2020,658,24,1,1,1
Weightlifting,Doubles,2020,996,18,1,0,1
Shooting,Butterfly,2024,455,40,1,1,0
Shooting,Relay,2004,877,40,1,0,0
Wrestling,200m,2004,860,35,0,0,1
Athletics,Butterfly,2016,136,1,0,1,1
Boxing,Freestyle,2024,461,44,1,1,1
Tennis,Singles,2016,331,21,1,1,1
Athletics,400m,2012,482,28,1,0,0
Swimming,Butterfly,2020,458,22,1,0,1
Swimming,Freestyle,2004,425,25,1,1,1
Athletics,400m,2008,914,17,1,1,0
Shooting,Doubles,2020,484,19,0,0,0
Cycling,Singles,2016,935,35,1,0,0
Boxing,All Around,2004,748,5,1,0,0
Wrestling,Relay,2004,904,40,1,1,0
Cycling,Singles,2024,422,4,0,0,1
Swimming,Singles,2020,754,35,0,0,1
Athletics,Relay,2012,685,38,0,1,0
Weightlifting,All Around,2020,497,37,1,0,1
Boxing,400m,2020,276,8,0,1,1
Weightlifting,Final,2020,14,20,1,0,1
Cycling,Freestyle,2016,770,45,1,1,0
Weightlifting,Freestyle,2016,656,41,0,1,0
Boxing,Doubles,2024,780,36,0,0,1
Swimming,400m,2024,632,17,1,0,0
Cycling,200m,2012,934,34,0,1,1
Weightlifting,100m,2016,196,20,0,0,0
Athletics,Doubles,2024,451,43,1,1,1
Shooting,Butterfly,2016,372,40,1,0,1
Athletics,Singles,2016,756,18,0,0,0
Shooting,Singles,2024,133,39,1,1,1
Athletics,Doubles,2016,163,16,0,0,1
Swimming,Freestyle,2024,562,25,1,0,1
Wrestling,All Around,2012,951,34,0,0,1
Cycling,100m,2016,413,12,0,0,1
Athletics,Singles,2004,480,35,0,1,0
Wrestling,Freestyle,2012,577,20,1,0,1
Gymnastics,Relay,2008,472,47,0,0,1
Athletics,All Around,2020,515,38,0,0,0
Cycling,All Around,2024,848,37,0,0,1
Boxing,Final,2024,556,41,1,0,1
Tennis,All Around,2020,331,46,1,0,1
Wrestling,All Around,2012,322,13,0,0,1
Cycling,All Around,2020,68,23,0,1,1
Weightlifting,100m,2020,595,20,1,1,0
Wrestling,Singles,2008,518,17,1,1,0
Shooting,100m,2008,983,2,1,1,0
Gymnastics,Relay,2020,409,44,0,0,0
Weightlifting,100m,2024,871,22,0,0,0
Weightlifting,Singles,2020,660,25,0,0,0
Tennis,100m,2016,398,46,0,0,0
Tennis,Doubles,2008,225,31,0,0,1
Shooting,Doubles,2008,230,18,1,1,1
Swimming,Relay,2024,324,3,1,1,1
Tennis,Singles,2020,424,34,0,0,1
Boxing,All Around,2004,820,32,1,0,0
Gymnastics,Relay,2004,331,22,1,0,1
Tennis,100m,2012,131,42,0,1,0
Shooting,Final,2024,842,18,1,0,1
Boxing,Singles,2020,215,7,0,1,0
Rowing,All Around,2004,668,45,0,0,0
Boxing,100m,2008,411,35,1,0,1
Wrestling,Singles,2020,77,48,0,1,1
Weightlifting,All Around,2020,55,10,0,1,1
Boxing,Butterfly,2020,299,17,1,1,1
Swimming,Relay,2016,744,28,1,0,0
Wrestling,Relay,2008,628,21,1,0,1
Shooting,Relay,2004,364,38,1,1,1
Gymnastics,Doubles,2024,686,10,1,0,0
Shooting,Butterfly,2020,793,48,0,0,0
Weightlifting,200m,2012,573,24,1,0,0
Cycling,400m,2012,93,25,1,0,1
Rowing,Singles,2008,598,28,1,0,1
Cycling,Final,2012,814,25,1,1,1
Gymnastics,200m,2012,761,41,1,1,0
Tennis,Final,2024,955,40,0,1,0
Tennis,100m,2012,14,11,0,0,0
Wrestling,Doubles,2020,74,42,1,0,0
Rowing,Final,2024,492,25,0,1,0
Tennis,All Around,2012,27,48,0,0,1
Rowing,Relay,2008,790,2,0,1,1
Swimming,Doubles,2024,662,38,1,0,0
Shooting,Relay,2016,387,29,1,0,1
Wrestling,Butterfly,2016,976,5,0,0,1
Wrestling,Relay,2012,179,3,0,0,0
Cycling,Final,2020,603,35,0,0,0
Tennis,Butterfly,2020,227,27,1,1,0
Athletics,All Around,2016,630,5,1,0,1
Rowing,Butterfly,2004,281,19,0,0,0
Cycling,Freestyle,2004,469,20,1,1,1
Rowing,400m,2016,834,4,0,1,0
Tennis,400m,2016,224,5,1,1,1
Boxing,Doubles,2008,655,12,1,1,1
Rowing,200m,2012,623,3,0,0,1
Swimming,400m,2024,821,22,1,0,0
Rowing,Final,2024,262,36,1,1,0
Gymnastics,Singles,2020,235,37,0,1,1
Cycling,Relay,2004,259,24,1,1,0
Boxing,All Around,2012,595,13,0,1,0
Athletics,Final,2024,801,38,1,1,1
Cycling,200m,2008,896,45,0,1,0
Weightlifting,Freestyle,2012,250,29,1,1,1
Athletics,Singles,2008,54,45,1,0,0
Athletics,Singles,2016,989,16,0,1,0
Weightlifting,200m,2012,95,5,1,0,1
Tennis,Singles,2016,175,41,0,0,1
Shooting,200m,2020,468,7,0,1,1
Wrestling,Final,2008,339,49,1,0,1
Shooting,100m,2008,885,28,0,0,0
Boxing,Final,2008,724,48,0,0,1
Swimming,100m,2008,200,4,0,1,1
Boxing,100m,2024,335,9,0,1,0
Athletics,Final,2008,28,26,1,1,0
Athletics,Freestyle,2004,263,21,0,0,0
Wrestling,Butterfly,2008,211,48,0,0,0
Gymnastics,Final,2004,33,21,0,0,0
Gymnastics,100m,2012,387,9,0,0,0
Athletics,200m,2008,263,35,1,0,0
Weightlifting,200m,2008,234,42,0,1,0
Shooting,Butterfly,2004,816,14,0,0,1
Boxing,Butterfly,2024,291,22,0,0,1
Gymnastics,Singles,2016,306,50,1,1,1
Swimming,400m,2012,598,33,1,1,0
Rowing,400m,2024,56,47,1,0,1
Tennis,All Around,2024,927,16,1,1,0
Weightlifting,All Around,2008,365,26,0,1,0
Wrestling,Butterfly,2012,834,22,0,1,1
Wrestling,400m,2012,807,16,0,1,1
Rowing,200m,2012,485,24,0,0,1
Weightlifting,Freestyle,2008,296,29,1,1,1
Boxing,Relay,2012,214,36,1,0,1
Cycling,400m,2012,208,46,1,1,0
Rowing,200m,2012,487,6,0,1,1
Cycling,Singles,2008,332,18,0,1,1
Shooting,Freestyle,2020,768,28,0,0,1
Athletics,Butterfly,2024,552,10,1,1,0
Weightlifting,Doubles,2020,807,43,0,1,0
Boxing,Relay,2024,970,33,0,0,1
Shooting,Relay,2024,473,6,0,0,0
Tennis,Relay,2016,134,25,0,1,0
Swimming,200m,2012,550,40,1,1,0
Shooting,400m,2016,750,18,0,0,0
Athletics,Final,2016,803,13,1,1,1
Gymnastics,Freestyle,2024,285,10,0,1,1
Boxing,Butterfly,2008,940,13,0,1,0
Weightlifting,Doubles,2024,921,20,0,0,1
Weightlifting,Final,2020,867,43,0,0,0
Wrestling,Butterfly,2024,300,37,1,0,1
Tennis,100m,2016,699,36,0,0,1
Cycling,Doubles,2004,34,7,1,0,0
Boxing,Doubles,2004,117,26,0,1,0
Athletics,Relay,2008,238,18,1,0,1
Wrestling,All Around,2024,820,14,1,0,1
Swimming,Doubles,2020,817,45,1,0,0
Athletics,Butterfly,2016,615,14,0,0,1
Shooting,200m,2004,411,1,1,0,0
Swimming,Final,2024,921,11,0,0,1
Wrestling,200m,2016,938,35,0,0,0
Cycling,Final,2008,125,50,0,1,1
Rowing,Singles,2012,910,10,0,0,1
Cycling,200m,2016,63,45,1,0,1
Weightlifting,200m,2008,943,35,1,0,0
Boxing,All Around,2004,876,45,0,1,0
Cycling,400m,2024,101,38,1,0,0
Rowing,All Around,2024,889,1,0,0,1
Athletics,200m,2008,861,35,1,1,1
Gymnastics,All Around,2024,77,50,0,1,1
Shooting,Freestyle,2016,390,19,1,0,0
Cycling,Singles,2004,39,41,1,1,0
Wrestling,200m,2020,294,11,0,0,0
Boxing,Final,2004,78,46,0,0,1
Cycling,Freestyle,2004,421,39,1,0,1
Athletics,Butterfly,2020,260,23,1,0,1
Gymnastics,All Around,2024,320,5,0,0,1
Rowing,All Around,2024,829,5,1,1,1
Wrestling,Butterfly,2020,290,33,0,0,0
Boxing,200m,2020,644,45,1,1,1
Boxing,Butterfly,2008,375,24,1,0,0
Tennis,200m,2016,160,25,1,0,1
Wrestling,Freestyle,2004,266,25,0,1,0
Swimming,200m,2012,880,42,1,0,0
Swimming,Butterfly,2020,664,27,0,1,0
Shooting,All Around,2004,898,1,0,1,1
Shooting,Doubles,2004,689,18,0,1,0
Shooting,400m,2004,484,27,0,0,0
Athletics,Freestyle,2024,166,9,0,0,0
Gymnastics,400m,2020,159,19,0,1,1
Boxing,400m,2020,198,23,1,0,0
Rowing,200m,2004,744,49,1,1,0
Cycling,Freestyle,2004,722,8,0,1,0
Boxing,Relay,2012,991,50,1,0,0
Shooting,Doubles,2008,946,1,1,1,0
Boxing,All Around,2020,42,39,1,0,0
Gymnastics,Singles,2004,872,5,0,1,0
Weightlifting,Final,2024,966,22,0,1,0
Weightlifting,Freestyle,2008,806,49,0,1,1
Tennis,Singles,2016,820,30,1,0,0
Gymnastics,200m,2024,523,44,0,0,1
Cycling,Freestyle,2016,935,36,0,0,1
Shooting,Doubles,2004,684,10,0,0,1
Rowing,Relay,2024,413,39,0,1,1
Shooting,Freestyle,2012,937,32,1,1,0
Shooting,Final,2008,590,48,0,1,1
Weightlifting,100m,2024,306,23,0,1,0
Wrestling,200m,2024,50,25,1,1,1
Cycling,Relay,2016,775,18,1,1,0
Athletics,Butterfly,2012,148,29,1,0,0
Wrestling,Singles,2004,307,38,0,0,1
Cycling,100m,2020,288,13,1,1,0
Weightlifting,Butterfly,2012,276,20,1,1,0
Boxing,100m,2020,289,44,0,0,0
Rowing,400m,2008,309,33,0,0,1
Athletics,All Around,2024,130,20,0,1,1
Cycling,Butterfly,2020,111,21,1,1,1
Rowing,Doubles,2004,394,12,1,1,0
Gymnastics,Final,2008,378,29,0,0,0
Cycling,400m,2020,814,22,1,1,0
Cycling,200m,2012,656,35,0,1,0
Swimming,Final,2004,934,9,1,1,0
Weightlifting,Doubles,2004,454,11,0,1,1
Gymnastics,Doubles,2008,850,9,0,1,0
Wrestling,All Around,2020,950,50,0,0,1
Cycling,Doubles,2008,922,26,1,0,1
Swimming,Butterfly,2008,130,23,0,0,0
Cycling,Doubles,2008,513,3,1,1,0
Gymnastics,400m,2004,429,7,0,0,0
Cycling,Relay,2012,634,15,1,1,0
Weightlifting,100m,2004,60,42,0,0,1
Wrestling,200m,2016,150,12,1,1,1
Tennis,200m,2020,758,24,1,1,0
Tennis,Doubles,2020,832,10,0,0,1
Boxing,Relay,2008,761,15,0,1,1
Tennis,Singles,2004,292,22,1,1,1
Rowing,Relay,2016,14,48,0,1,1
Cycling,Doubles,2024,935,7,0,1,1
Wrestling,Butterfly,2024,439,22,0,1,0
Tennis,Butterfly,2004,129,2,0,0,1
Tennis,Singles,2004,417,43,0,0,0
Gymnastics,Relay,2004,692,8,1,1,1
Swimming,Butterfly,2024,846,31,1,0,1
Cycling,400m,2008,204,44,1,0,1
Weightlifting,400m,2004,890,9,1,1,1
Wrestling,Relay,2016,86,6,1,0,1
Cycling,100m,2004,30,48,0,1,1
Cycling,Doubles,2020,579,45,0,0,0
Cycling,400m,2012,448,23,1,1,0
Gymnastics,All Around,2020,731,17,0,1,0
Tennis,Butterfly,2012,584,5,1,0,0
Swimming,200m,2004,798,18,0,1,1
Gymnastics,Butterfly,2016,300,12,1,1,0
Boxing,200m,2008,500,12,1,1,1
Cycling,Relay,2016,973,24,1,1,1
Weightlifting,All Around,2016,267,34,1,1,1
Gymnastics,400m,2012,834,37,1,1,0
Swimming,Final,2016,641,9,1,0,1
Weightlifting,400m,2020,429,21,1,1,0
Gymnastics,100m,2016,785,9,1,1,1
Gymnastics,Doubles,2008,758,21,0,1,0
Rowing,Final,2008,75,9,0,1,1
Boxing,100m,2008,151,13,1,1,1
Shooting,100m,2012,933,23,1,1,0
Boxing,200m,2020,299,45,0,1,0
Cycling,Relay,2024,626,34,0,0,1
Tennis,Singles,2024,862,10,0,0,1
Gymnastics,100m,2020,716,46,1,1,0
Wrestling,All Around,2016,785,47,1,0,1
Cycling,Butterfly,2024,225,43,0,1,0
Swimming,200m,2004,142,10,0,0,1
Shooting,Final,2008,398,17,0,0,0
Wrestling,All Around,2024,591,25,0,0,1
Tennis,200m,2024,212,25,0,1,1
Weightlifting,Final,2016,898,39,0,0,1
Wrestling,Final,2020,733,4,0,0,0
Rowing,Doubles,2012,782,6,0,1,0
Swimming,200m,2004,921,22,1,1,0
Tennis,Freestyle,2020,733,45,0,0,0
Shooting,Singles,2020,655,49,0,1,1
Athletics,100m,2012,63,18,0,0,1
Wrestling,Butterfly,2020,349,5,0,1,0
Shooting,200m,2012,528,42,0,1,1
Tennis,Freestyle,2012,518,4,0,0,0
Athletics,Butterfly,2020,954,21,1,1,1
Athletics,All Around,2016,563,17,0,0,0
Gymnastics,All Around,2024,106,26,0,1,0
Wrestling,200m,2004,375,34,1,1,1
Athletics,200m,2020,585,31,1,1,1
Weightlifting,Singles,2008,680,13,0,1,0
Tennis,100m,2024,329,2,1,0,1
Cycling,Final,2012,660,35,0,1,1
Boxing,All Around,2024,154,35,1,0,1
Cycling,Relay,2020,672,38,0,1,0
Wrestling,Butterfly,2024,146,7,1,1,1
Shooting,100m,2004,698,22,1,1,1
Shooting,All Around,2020,890,14,0,0,0
Gymnastics,Singles,2012,210,11,1,0,1
Wrestling,Butterfly,2020,574,42,0,1,1
Athletics,Freestyle,2024,728,4,0,1,0
Shooting,Freestyle,2012,437,7,0,0,1
Cycling,100m,2020,939,37,1,0,0
Tennis,Relay,2020,886,46,0,1,1
Tennis,All Around,2024,973,49,0,0,1
Gymnastics,Freestyle,2008,710,47,1,1,0
Swimming,Doubles,2004,9,29,0,0,0
Swimming,400m,2024,879,18,0,0,1
Rowing,All Around,2008,910,44,0,1,1
Tennis,All Around,2004,776,40,1,0,1
Athletics,Butterfly,2012,727,40,1,1,1
Wrestling,All Around,2016,304,3,1,0,0
Rowing,Final,2004,18,40,1,0,0
Rowing,400m,2024,389,44,1,0,1
Weightlifting,Relay,2024,187,9,0,0,1
Cycling,Doubles,2024,14,30,0,1,1
Tennis,Relay,2016,52,49,0,1,1
Weightlifting,200m,2004,930,22,0,0,0
Athletics,Butterfly,2024,849,10,1,0,0
Shooting,100m,2008,411,23,0,1,1
Boxing,Doubles,2016,885,36,0,0,1
Rowing,Singles,2020,731,14,1,1,0
Weightlifting,400m,2004,291,37,1,1,0
Rowing,Butterfly,2008,994,46,1,1,1
Cycling,400m,2004,898,14,0,1,0
Wrestling,Butterfly,2012,150,50,0,1,1
Shooting,Freestyle,2012,879,38,0,1,0
Rowing,100m,2004,831,3,0,0,1
Swimming,200m,2012,683,48,1,0,1
Athletics,Doubles,2004,573,50,1,1,0
Gymnastics,All Around,2004,411,42,0,0,0
Cycling,Freestyle,2016,866,42,0,1,0
Swimming,200m,2004,59,47,0,0,0
Athletics,Singles,2016,534,8,0,1,0
Gymnastics,Singles,2024,972,15,1,1,0
Boxing,Singles,2020,775,12,0,0,0
Rowing,Relay,2024,455,27,1,0,0
Wrestling,Butterfly,2008,547,42,0,0,0
Gymnastics,Butterfly,2020,69,23,1,1,1
Tennis,100m,2012,934,46,0,0,0
Swimming,Freestyle,2024,562,14,0,0,1
Tennis,Relay,2020,459,40,1,0,0
Shooting,Doubles,2004,765,20,0,1,0
Tennis,Butterfly,2024,885,23,0,0,1
Tennis,Butterfly,2016,707,7,1,1,1
Gymnastics,Singles,2020,830,14,1,0,1
Shooting,Singles,2024,683,23,0,0,1
Gymnastics,All Around,2016,177,38,0,0,1
Wrestling,Butterfly,2016,528,45,0,0,1
Wrestling,200m,2016,837,21,0,0,0
Tennis,Final,2020,598,16,1,0,0
Boxing,Freestyle,2020,489,31,1,0,1
Boxing,Doubles,2016,390,19,0,0,1
Shooting,100m,2012,31,5,1,0,1
Athletics,Butterfly,2012,495,36,0,0,0
Weightlifting,Freestyle,2016,360,6,1,0,0
Rowing,Singles,2016,41,4,1,0,0
Weightlifting,400m,2012,277,39,0,1,1
Boxing,All Around,2004,642,15,0,0,0
Swimming,200m,2004,749,10,1,0,0
Shooting,Butterfly,2024,37,32,1,0,0
Wrestling,Doubles,2012,153,12,0,0,0
Wrestling,Doubles,2008,841,8,0,1,0
Swimming,100m,2016,655,13,0,0,1
Gymnastics,Butterfly,2024,728,28,0,1,1
Boxing,Relay,2016,968,48,1,0,1
Tennis,200m,2024,781,18,1,1,1
Wrestling,All Around,2012,51,47,1,1,0
Boxing,Final,2012,963,24,0,1,1
Athletics,Final,2016,672,28,1,1,0
Rowing,Singles,2008,806,19,0,1,1
Gymnastics,Butterfly,2016,222,28,1,1,1
Cycling,400m,2004,882,43,1,1,1
Shooting,All Around,2004,947,33,1,0,0
Wrestling,Doubles,2020,224,43,1,1,0
Wrestling,Doubles,2024,346,35,0,1,0
Rowing,Freestyle,2004,370,47,0,0,1
Wrestling,All Around,2008,751,1,0,1,0
Rowing,400m,2020,777,13,0,1,1
Cycling,All Around,2008,865,38,1,1,1
Swimming,Relay,2020,948,2,0,1,0
Boxing,Singles,2012,113,23,0,0,0
Rowing,Freestyle,2004,674,12,0,1,0
Boxing,Relay,2004,143,30,1,0,0
Tennis,Doubles,2012,193,6,0,0,0
Cycling,Freestyle,2020,30,18,0,1,1
Gymnastics,All Around,2012,153,36,1,1,0
Boxing,200m,2024,53,34,1,1,0
Shooting,Relay,2020,733,44,1,1,1
Boxing,200m,2012,648,49,1,0,0
Weightlifting,Relay,2012,97,6,1,1,1
Boxing,Freestyle,2024,226,45,1,0,1
Gymnastics,All Around,2008,557,7,1,1,0
Cycling,All Around,2012,395,7,0,0,1
Tennis,Freestyle,2016,737,47,0,1,1
Athletics,400m,2016,30,33,1,0,1
Wrestling,400m,2004,604,40,0,1,0
Athletics,Doubles,2016,247,2,0,1,0
Wrestling,All Around,2004,319,22,0,1,0
Gymnastics,Butterfly,2016,234,44,0,0,0
Rowing,Relay,2020,942,36,0,1,1
Athletics,Final,2024,156,4,0,1,0
Wrestling,Final,2012,48,44,0,0,0
Athletics,Relay,2012,136,31,1,1,1
Wrestling,All Around,2008,621,40,0,0,1
Rowing,Doubles,2004,767,19,1,0,0
Shooting,Relay,2024,307,16,1,1,0
Athletics,100m,2024,669,11,1,1,0
Athletics,Freestyle,2004,418,10,0,1,0
Wrestling,Freestyle,2004,932,29,0,0,0
Wrestling,400m,2024,630,6,0,1,0
Weightlifting,400m,2008,101,38,0,1,0
Boxing,All Around,2008,696,30,1,1,0
Swimming,Freestyle,2008,579,33,1,1,0
Tennis,Final,2012,871,39,0,1,0
Swimming,Final,2012,326,4,0,0,0
Gymnastics,Butterfly,2024,827,34,0,1,0
Cycling,Final,2024,355,4,0,1,1
Tennis,Butterfly,2004,244,42,0,1,0
Weightlifting,Relay,2012,418,44,1,1,1
Athletics,Singles,2024,741,10,0,1,0
Swimming,200m,2008,851,36,0,1,0
Athletics,100m,2012,103,16,0,1,1
Swimming,200m,2020,318,11,0,0,0
Cycling,Singles,2024,561,11,1,0,0
Swimming,Singles,2024,202,44,0,1,0
Wrestling,Relay,2016,862,1,0,0,1
Cycling,Butterfly,2020,13,30,1,1,1
Tennis,400m,2004,44,2,1,0,0
Rowing,200m,2004,990,31,0,1,0
Wrestling,Relay,2012,575,24,0,1,0
Gymnastics,Relay,2016,7,34,1,0,0
Weightlifting,200m,2020,272,42,1,1,1
Boxing,Butterfly,2020,484,10,1,1,1
Wrestling,200m,2020,191,30,1,1,0
Cycling,All Around,2016,752,44,0,1,0
Wrestling,Relay,2020,363,26,0,0,1
Wrestling,All Around,2020,225,2,1,1,1
Cycling,All Around,2004,201,35,1,1,0
Gymnastics,400m,2008,704,42,1,1,0
Rowing,Final,2016,908,25,0,1,1
Cycling,Relay,2004,304,44,0,0,1
Wrestling,200m,2024,306,12,0,1,0
Rowing,Singles,2008,116,39,1,1,0
Wrestling,Final,2016,28,17,1,1,1
Shooting,Doubles,2016,608,33,1,0,0
Wrestling,Singles,2020,799,15,0,0,1
Shooting,Relay,2016,700,39,0,1,0
Athletics,Freestyle,2020,999,12,0,0,0
Tennis,100m,2016,338,39,0,1,0
Swimming,Final,2004,387,48,0,0,0
Shooting,All Around,2008,132,33,0,1,1
Athletics,Singles,2008,21,6,0,1,1
Swimming,All Around,2012,694,29,1,1,1
Weightlifting,Doubles,2016,640,39,0,1,0
Gymnastics,200m,2016,128,8,1,1,1
Wrestling,Freestyle,2020,756,7,0,0,1
Athletics,All Around,2008,648,44,1,1,0
Athletics,Butterfly,2008,849,7,0,1,1
Boxing,All Around,2008,763,49,1,0,1
Weightlifting,Final,2020,421,14,1,0,0
Weightlifting,Relay,2020,874,45,0,1,0
Swimming,200m,2008,659,1,1,0,1
Tennis,Freestyle,2008,815,44,0,0,1
Cycling,Relay,2016,944,8,0,0,1
Weightlifting,Singles,2012,275,38,0,0,1
Weightlifting,100m,2008,488,44,0,1,1
Boxing,Singles,2012,516,15,1,1,0
Weightlifting,Doubles,2020,777,8,0,1,1
Cycling,Doubles,2024,158,10,1,1,0
Tennis,Final,2004,854,39,0,1,0
Rowing,All Around,2016,920,12,0,0,0
Wrestling,100m,2004,713,35,1,0,1
Boxing,Final,2004,845,14,1,1,0
Athletics,Freestyle,2016,223,50,0,0,0
Tennis,Doubles,2016,534,43,1,0,1
Rowing,Freestyle,2020,552,30,0,1,0
Shooting,Doubles,2020,888,12,0,1,1
Cycling,Freestyle,2024,969,49,0,1,1
Shooting,200m,2004,899,14,0,1,0
Wrestling,All Around,2004,490,45,0,0,1
Cycling,Final,2004,724,12,1,0,0
Gymnastics,Final,2004,705,40,0,0,1
Cycling,400m,2024,241,28,1,1,0
Athletics,Singles,2004,665,20,1,1,0
Rowing,Singles,2012,160,43,0,0,1
Cycling,Freestyle,2004,715,39,1,1,1
Boxing,200m,2004,685,48,1,0,1
Wrestling,Final,2004,628,37,1,0,1
Tennis,Freestyle,2008,636,35,0,0,1
Swimming,Freestyle,2012,851,41,0,1,1
Athletics,Doubles,2004,521,12,1,0,0
Swimming,Relay,2012,393,21,1,0,0
Swimming,400m,2008,492,25,1,1,1
Weightlifting,400m,2008,584,23,0,0,1
Athletics,Doubles,2012,96,5,0,0,0
Rowing,400m,2012,670,41,0,1,0
Wrestling,Butterfly,2024,182,33,0,1,1
Cycling,Relay,2012,691,34,0,0,1
Cycling,All Around,2012,105,48,1,1,1
Swimming,Singles,2016,795,24,1,0,1
Cycling,Singles,2008,393,40,0,1,1
Swimming,All Around,2012,210,22,0,1,0
Shooting,Singles,2020,383,39,1,1,0
Cycling,Doubles,2016,827,39,1,1,1
Cycling,Freestyle,2020,99,31,1,1,0
Rowing,All Around,2004,822,36,0,0,0
Weightlifting,Doubles,2012,281,9,1,0,1
Rowing,Doubles,2024,412,43,1,1,1
Tennis,Doubles,2020,626,38,1,1,0
Wrestling,200m,2016,718,42,0,1,0
Athletics,Final,2020,451,6,0,0,0
Shooting,Final,2024,955,29,0,1,1
Tennis,Freestyle,2016,443,47,1,0,1
Athletics,Singles,2024,518,28,0,0,1
Tennis,Final,2012,577,47,0,0,1
Cycling,Freestyle,2020,909,41,1,1,0
Rowing,Freestyle,2004,662,22,1,1,0
Tennis,Freestyle,2012,47,9,1,0,1
Athletics,All Around,2024,550,38,0,1,1
Athletics,Final,2004,865,9,1,0,0
Shooting,Freestyle,2024,503,28,0,1,1
Shooting,200m,2024,422,49,0,1,0
Wrestling,Singles,2004,688,25,0,1,1
Cycling,100m,2024,861,6,0,0,0
Tennis,Singles,2020,387,39,1,0,0
Swimming,Final,2024,943,33,1,0,1
Tennis,Freestyle,2020,386,49,1,0,0
Wrestling,Freestyle,2016,151,4,0,1,0
Rowing,Final,2024,289,14,1,1,1
Cycling,Relay,2004,551,5,0,0,0
Boxing,All Around,2024,432,6,1,0,1
Cycling,200m,2016,309,18,1,1,1
Wrestling,400m,2024,424,9,1,0,1
Tennis,Singles,2012,714,3,1,1,1
Tennis,Freestyle,2020,280,44,1,0,1
Shooting,Freestyle,2008,602,23,0,1,1
Rowing,100m,2008,488,25,1,1,1
Rowing,100m,2012,894,10,0,1,1
Tennis,Freestyle,2004,316,39,1,1,0
Rowing,200m,2004,325,49,1,0,0
Swimming,Doubles,2020,60,3,0,1,0
Wrestling,Freestyle,2016,366,47,0,0,1
Rowing,Freestyle,2008,538,22,1,1,0
Boxing,400m,2008,886,44,0,1,1
Swimming,100m,2004,267,30,0,0,0
Swimming,Relay,2012,599,49,1,1,0
Athletics,Doubles,2024,784,39,1,1,0
Athletics,Singles,2004,700,21,0,1,1
Wrestling,Butterfly,2004,320,47,1,1,1
Wrestling,200m,2020,659,49,1,1,0
Rowing,All Around,2024,598,27,1,1,0
Weightlifting,100m,2024,382,46,0,1,1
Boxing,Doubles,2020,384,2,0,1,0
Cycling,Relay,2004,748,12,0,1,1
Rowing,100m,2012,285,31,0,1,0
Gymnastics,200m,2012,57,23,0,0,0
Shooting,Butterfly,2016,34,20,1,1,1
Cycling,Relay,2020,605,6,1,1,1
Gymnastics,Final,2016,307,20,0,0,0
Boxing,Doubles,2012,289,7,0,0,0
Shooting,All Around,2024,232,23,0,1,1
Rowing,All Around,2016,310,7,0,0,0
Boxing,200m,2020,691,13,0,0,1
Shooting,Freestyle,2008,274,27,1,0,1
Cycling,Doubles,2020,795,35,1,0,0
Tennis,Singles,2020,336,22,0,1,0
Gymnastics,Singles,2016,339,24,0,1,1
Boxing,Doubles,2008,221,35,0,0,0
Rowing,Singles,2020,94,36,0,0,0
Shooting,200m,2012,887,25,0,1,0
Weightlifting,400m,2012,937,11,0,1,1
Cycling,100m,2020,754,7,0,0,1
Gymnastics,All Around,2008,303,6,0,1,1
Athletics,Relay,2008,86,22,1,1,0
Swimming,200m,2012,229,3,0,0,1
Rowing,100m,2016,452,35,0,0,0
Weightlifting,Butterfly,2012,629,36,1,1,1
Tennis,Butterfly,2024,860,46,1,0,1
Boxing,Final,2004,802,36,0,0,0
Wrestling,Doubles,2020,274,22,0,0,1
Rowing,200m,2020,940,47,0,0,1
Athletics,Butterfly,2024,390,45,0,0,0
Shooting,400m,2008,681,17,0,0,1
Shooting,400m,2016,845,33,0,0,0
Tennis,Freestyle,2024,412,11,1,1,0
Swimming,Singles,2008,647,18,1,0,0
Swimming,Freestyle,2020,236,9,1,1,0
Gymnastics,Singles,2024,467,4,0,0,0
Swimming,100m,2024,677,30,1,1,1
Gymnastics,Final,2008,570,30,0,0,1
Athletics,Final,2012,191,46,0,1,0
Gymnastics,Singles,2016,17,25,0,1,0
Gymnastics,400m,2012,14,27,1,1,1
Rowing,All Around,2016,710,39,1,0,0
Rowing,200m,2024,515,47,1,1,1
Rowing,Relay,2004,97,25,1,1,1
Gymnastics,Relay,2020,573,32,1,1,1
Wrestling,Doubles,2020,850,16,0,0,1
Swimming,Butterfly,2024,132,9,0,0,0
Cycling,Singles,2016,10,18,1,1,1
Athletics,Doubles,2020,16,14,0,0,1
Athletics,Final,2020,601,49,1,0,0
Weightlifting,Final,2012,76,38,0,1,1
Weightlifting,100m,2012,239,20,1,0,0
Weightlifting,Freestyle,2004,981,48,1,1,0
Swimming,Doubles,2012,747,15,0,1,1
Swimming,Singles,2012,886,33,1,1,1
Wrestling,400m,2020,913,11,1,0,0
Shooting,400m,2024,550,1,0,0,0
Cycling,Freestyle,2008,43,28,1,1,1
Wrestling,All Around,2016,655,32,0,1,1
Boxing,Singles,2008,492,18,1,1,1
Boxing,400m,2004,237,23,0,0,1
Boxing,Freestyle,2024,807,46,1,0,1
Rowing,Singles,2024,469,18,0,0,1
Shooting,Butterfly,2024,909,11,1,1,1
Athletics,200m,2020,634,32,1,1,1
Cycling,Final,2020,417,23,1,0,1
Wrestling,Final,2004,627,26,1,1,0
Swimming,100m,2020,979,14,1,0,0
Athletics,Butterfly,2008,858,3,0,1,1
Gymnastics,400m,2012,149,9,1,0,1
Weightlifting,400m,2016,391,27,0,1,1
Swimming,200m,2024,896,33,0,1,0
Cycling,Relay,2012,567,1,0,1,0
Tennis,Relay,2012,814,34,1,1,1
Athletics,Freestyle,2012,268,18,1,0,1
Cycling,Doubles,2008,914,26,0,1,1
Rowing,Butterfly,2024,718,9,1,0,0
Boxing,Relay,2016,948,45,1,0,0
Weightlifting,400m,2024,544,23,1,1,0
Shooting,Freestyle,2024,44,11,0,1,1
Cycling,Singles,2008,882,2,1,1,1
Boxing,Singles,2008,92,11,1,0,1
Rowing,Relay,2020,380,26,1,1,1
Wrestling,100m,2016,575,40,0,1,1
Athletics,Doubles,2024,584,7,0,1,1
Boxing,Freestyle,2004,157,37,1,1,0
Rowing,Doubles,2008,348,14,0,1,1
Weightlifting,Singles,2008,533,49,0,1,1
Rowing,All Around,2016,445,23,1,1,0
Tennis,100m,2012,334,20,1,0,1
Cycling,Butterfly,2020,483,43,1,0,1
Wrestling,Doubles,2008,974,10,0,1,0
Tennis,Butterfly,2024,247,20,0,1,0
Boxing,Doubles,2016,478,8,0,0,0
Athletics,Freestyle,2024,259,30,1,0,1
Weightlifting,Final,2008,680,5,1,1,0
Gymnastics,Freestyle,2012,480,33,1,1,1
Athletics,Relay,2012,277,42,1,1,0
Wrestling,Singles,2012,897,42,1,1,0
Weightlifting,Freestyle,2008,244,10,1,1,1
Shooting,100m,2024,768,38,1,1,1
Tennis,Freestyle,2020,101,42,1,1,0
Gymnastics,Singles,2012,644,41,0,0,1
Gymnastics,Relay,2008,760,48,1,1,0
Rowing,100m,2016,105,17,1,1,0
Rowing,All Around,2024,605,32,0,1,0
Shooting,Freestyle,2024,328,37,1,0,0
Tennis,Final,2012,732,50,1,0,0
Tennis,100m,2008,624,25,0,0,0
Tennis,Freestyle,2020,695,2,0,0,1
Swimming,Butterfly,2016,587,42,1,0,1
Shooting,Butterfly,2024,612,12,1,1,0
Wrestling,400m,2004,768,24,0,1,1
Wrestling,Relay,2012,203,28,1,0,1
Boxing,Singles,2020,418,3,1,0,1
Gymnastics,400m,2020,552,14,1,0,0
Cycling,Freestyle,2004,772,13,0,0,1
Cycling,100m,2020,480,20,0,1,1
Weightlifting,Relay,2016,415,44,0,1,1
Weightlifting,Butterfly,2016,788,5,1,0,0
Swimming,100m,2016,690,47,0,1,1
Boxing,Singles,2008,400,2,0,1,0
Wrestling,Relay,2024,483,38,1,0,0
Shooting,Singles,2016,440,38,0,0,0
Gymnastics,Relay,2008,78,17,0,1,0
Wrestling,200m,2004,600,32,0,1,1
Wrestling,Freestyle,2016,987,17,1,1,1
Cycling,400m,2012,703,21,1,1,0
Athletics,Singles,2004,817,50,1,0,0
Wrestling,All Around,2008,524,2,1,0,0
Cycling,Singles,2024,659,35,0,0,1
Wrestling,Singles,2012,800,7,1,1,0
Rowing,Butterfly,2024,138,11,0,0,1
Shooting,Relay,2008,249,21,1,0,0
Athletics,400m,2016,174,35,0,1,0
Cycling,100m,2020,494,50,1,1,1
Tennis,100m,2024,587,1,1,1,1
Athletics,Singles,2008,795,30,1,0,1
Swimming,All Around,2016,670,31,0,1,0
Athletics,All Around,2008,43,19,1,0,1
Athletics,Singles,2016,834,37,0,0,0
Gymnastics,Butterfly,2012,671,22,1,1,1
Tennis,Final,2004,603,40,0,1,0
Boxing,Relay,2020,699,2,1,1,0
Weightlifting,All Around,2024,16,15,1,0,1
Athletics,Doubles,2016,700,4,0,0,1
Shooting,Doubles,2004,193,26,0,1,1
Swimming,All Around,2012,180,8,1,0,0
Weightlifting,Relay,2024,923,26,0,1,0
Wrestling,100m,2008,179,8,1,0,1
Boxing,Final,2020,11,10,0,0,1
Shooting,Relay,2020,848,20,0,0,0
Wrestling,Freestyle,2016,246,21,0,1,1
Boxing,Final,2016,588,14,1,0,0
Gymnastics,200m,2012,49,49,0,0,0
Cycling,200m,2020,339,24,1,0,0
Boxing,Doubles,2016,103,32,1,0,1
Swimming,Relay,2004,354,27,1,0,1
Athletics,400m,2012,932,45,1,0,1
Athletics,Butterfly,2012,554,15,1,0,0
Tennis,Butterfly,2020,266,8,1,1,1
Tennis,Butterfly,2004,10,25,1,0,1
Boxing,Doubles,2024,466,44,0,0,1
Cycling,100m,2008,232,12,1,1,1
Boxing,All Around,2012,890,22,0,0,1
Shooting,Final,2020,880,3,1,1,0
Athletics,Singles,2004,353,25,0,1,1
Gymnastics,All Around,2004,466,39,1,1,1
Wrestling,200m,2004,111,4,1,1,1
Rowing,All Around,2012,297,44,1,1,1
Tennis,400m,2020,579,30,0,0,1
Weightlifting,Relay,2012,520,22,1,0,0
Weightlifting,100m,2020,520,17,1,1,1
Swimming,Butterfly,2016,741,38,0,1,0
Cycling,Singles,2008,954,27,1,0,1
Tennis,All Around,2016,611,24,1,0,0
Weightlifting,Doubles,2016,148,25,0,1,1
Weightlifting,400m,2024,828,49,1,0,0
Swimming,All Around,2008,367,8,0,1,0
Gymnastics,100m,2016,553,42,0,1,0
Gymnastics,Relay,2008,701,50,0,0,0
Cycling,Doubles,2020,952,15,1,1,1
Swimming,Butterfly,2024,911,2,1,1,0
Swimming,Butterfly,2020,353,42,0,0,1
Tennis,Singles,2016,331,50,0,1,0
Gymnastics,Singles,2012,249,31,0,0,1
Rowing,Final,2020,908,36,1,1,1
Boxing,Relay,2004,120,38,0,1,0
Boxing,Freestyle,2012,927,10,0,1,0
Tennis,Butterfly,2012,994,9,1,1,0
Tennis,Singles,2016,564,34,1,1,0
Gymnastics,100m,2008,740,38,0,0,0
Cycling,200m,2016,36,6,1,1,1
Cycling,Doubles,2020,678,9,1,1,0
Shooting,All Around,2008,847,45,0,1,0
Rowing,Doubles,2012,817,27,0,0,1
Weightlifting,Butterfly,2012,308,8,1,0,0
Cycling,400m,2020,571,33,0,1,0
Swimming,Freestyle,2004,719,3,0,1,1
Boxing,200m,2008,962,2,0,0,0
Athletics,All Around,2012,305,24,1,0,1
Rowing,Singles,2016,635,9,0,0,1
Wrestling,Butterfly,2008,896,30,1,0,0
Boxing,400m,2016,698,44,1,1,1
Gymnastics,100m,2008,889,47,1,0,1
Shooting,Freestyle,2012,753,35,0,0,0
Weightlifting,Freestyle,2020,976,32,0,0,0
Wrestling,Singles,2024,660,1,1,0,0
Rowing,Freestyle,2016,609,10,0,0,1
Tennis,200m,2012,760,43,1,0,1
Swimming,200m,2012,46,47,0,1,1
Weightlifting,All Around,2024,136,2,0,1,0
Weightlifting,400m,2004,123,36,0,1,0
Cycling,Relay,2024,153,37,1,0,1
Weightlifting,Relay,2016,600,22,0,0,1
Shooting,Freestyle,2012,831,8,0,1,0
Weightlifting,All Around,2004,290,39,0,0,1
Boxing,All Around,2012,713,8,1,0,1
Shooting,All Around,2008,597,27,0,1,0
Boxing,Doubles,2004,530,35,0,0,0
Rowing,Doubles,2016,746,29,0,1,1
Tennis,400m,2012,305,13,1,0,1
Rowing,Doubles,2016,532,32,0,1,1
Tennis,200m,2012,926,26,1,0,0
Gymnastics,Doubles,2020,49,49,0,1,0
Rowing,400m,2012,483,38,1,0,0
Swimming,Doubles,2012,10,39,0,1,1
Tennis,Relay,2016,426,9,1,0,1
Wrestling,400m,2008,375,17,0,0,0
Wrestling,Doubles,2008,55,39,0,1,0
Athletics,Freestyle,2008,478,16,0,0,1
Gymnastics,400m,2016,319,5,1,1,1
Wrestling,Doubles,2004,900,1,0,1,0
Weightlifting,Relay,2008,338,40,1,1,1
Gymnastics,400m,2020,552,41,0,1,1
Wrestling,All Around,2016,817,6,1,0,0
Gymnastics,400m,2016,788,11,1,1,0
Wrestling,Freestyle,2004,44,47,0,0,0
Weightlifting,100m,2024,995,41,0,1,1
Tennis,Butterfly,2004,886,42,1,1,0
Tennis,Singles,2016,256,48,1,1,1
Swimming,Final,2008,657,16,0,1,1
Weightlifting,400m,2024,723,48,0,1,1
Boxing,Final,2020,231,40,0,1,0
Weightlifting,Butterfly,2020,20,18,1,0,0
Boxing,400m,2020,481,36,0,1,1
Cycling,Relay,2020,101,15,0,0,1
Cycling,Final,2012,255,41,0,0,0
Cycling,Butterfly,2012,104,12,0,1,1
Rowing,100m,2024,584,35,1,0,1
Gymnastics,100m,2008,236,23,0,1,0
Wrestling,100m,2008,255,9,1,0,0
Tennis,200m,2012,970,23,1,1,0
Weightlifting,Final,2024,716,4,1,0,0
Rowing,Freestyle,2016,313,5,0,0,1
Boxing,200m,2008,329,15,0,1,0
Weightlifting,200m,2008,843,47,1,0,1
Cycling,Final,2020,985,17,0,1,0
Boxing,All Around,2012,367,32,0,1,1
Cycling,400m,2020,647,42,0,1,1
Cycling,100m,2016,124,48,1,0,0
Shooting,Freestyle,2024,443,16,1,0,0
Swimming,All Around,2016,963,5,1,0,1
Gymnastics,100m,2012,622,36,1,1,1
Weightlifting,All Around,2016,899,5,1,0,0
Wrestling,100m,2020,44,48,0,0,0
Athletics,Final,2016,751,7,0,0,0
Tennis,Singles,2020,513,36,0,0,0
Rowing,Butterfly,2024,118,25,0,0,1
Shooting,All Around,2024,549,47,1,0,1
Wrestling,Doubles,2004,359,41,0,1,1
Wrestling,Singles,2020,777,11,1,1,0
Shooting,100m,2004,491,10,1,0,0
Shooting,200m,2024,685,19,1,0,0
Tennis,Relay,2012,431,19,0,1,0
Swimming,Singles,2008,51,50,1,1,1
Athletics,Final,2012,291,39,0,1,1
Athletics,Final,2016,493,17,0,1,1
Shooting,Singles,2024,428,29,1,0,1
Tennis,200m,2004,436,20,1,1,0
Boxing,Doubles,2012,841,26,0,1,0
Athletics,Singles,2004,939,41,1,0,0
Swimming,100m,2008,358,34,1,1,1
Cycling,Relay,2016,721,31,1,0,0
Cycling,200m,2016,508,45,1,0,0
Wrestling,200m,2012,290,36,1,0,0
Athletics,400m,2012,681,4,0,1,1
Boxing,Freestyle,2004,674,4,1,1,0
Shooting,100m,2024,578,38,0,1,1
Tennis,Relay,2020,523,31,0,1,1
Athletics,Butterfly,2008,14,13,1,0,0
Swimming,100m,2004,595,6,1,0,1
Gymnastics,Doubles,2012,634,15,0,1,1
Athletics,All Around,2020,580,42,1,1,1
Wrestling,Butterfly,2008,525,40,1,0,1
Athletics,Singles,2020,818,25,0,0,1
Gymnastics,All Around,2012,648,26,0,0,0
Gymnastics,Relay,2004,133,15,1,0,1
Wrestling,All Around,2016,874,7,0,1,0
Boxing,Singles,2020,755,3,1,0,0
Shooting,100m,2012,72,27,1,1,0
Shooting,200m,2008,223,38,0,1,1
Rowing,All Around,2024,629,3,1,0,1
Athletics,Freestyle,2008,486,26,1,1,1
Rowing,400m,2004,149,11,1,0,1
Shooting,Singles,2016,196,47,0,0,1
Cycling,All Around,2004,308,24,0,0,0
Athletics,Singles,2004,713,10,1,1,0
Rowing,200m,2020,781,16,1,0,1
Athletics,100m,2012,466,6,0,0,0
Boxing,Butterfly,2024,693,39,0,1,1
Wrestling,Singles,2020,686,50,0,1,0
Swimming,Relay,2012,81,18,0,0,0
Shooting,200m,2004,967,36,0,1,0
Boxing,200m,2024,721,15,0,1,0
Tennis,Doubles,2024,3,20,1,1,0
Shooting,Freestyle,2016,2,37,1,0,1
Tennis,200m,2012,677,33,1,0,0
Swimming,Relay,2004,269,23,1,1,1
Tennis,400m,2008,469,21,1,1,0
Tennis,Final,2004,228,14,1,1,1
Weightlifting,Doubles,2020,944,34,1,0,0
Cycling,Doubles,2004,726,15,1,1,0
Gymnastics,Butterfly,2012,73,1,1,0,0
Gymnastics,Butterfly,2016,360,15,0,0,1
Tennis,Butterfly,2008,90,44,0,0,0
Shooting,Doubles,2016,660,22,1,1,0
Gymnastics,Freestyle,2008,406,3,1,1,0
Swimming,Final,2016,298,34,1,1,1
Shooting,Butterfly,2024,652,38,1,1,0
Tennis,100m,2024,253,26,0,0,0
Tennis,All Around,2004,772,5,1,1,0
Tennis,Freestyle,2020,930,20,0,0,0
Tennis,Singles,2004,114,5,1,0,1
Swimming,100m,2012,631,2,0,0,1
Rowing,Final,2004,968,23,1,1,1
Rowing,Relay,2008,239,43,1,1,1
Boxing,400m,2008,582,7,1,0,0
Cycling,Freestyle,2008,929,1,0,1,0
Wrestling,Butterfly,2012,220,47,1,0,1
Tennis,Relay,2004,466,14,1,1,0
Rowing,Singles,2016,735,47,0,0,1
Shooting,Butterfly,2012,994,43,0,0,1
Wrestling,Singles,2016,680,6,1,0,0
Rowing,Doubles,2008,811,8,1,1,1
Swimming,Butterfly,2004,375,24,0,1,0
Boxing,All Around,2020,129,8,0,1,0
Boxing,100m,2016,715,38,0,1,1
Wrestling,Final,2016,214,38,1,0,0
Rowing,Freestyle,2012,498,1,0,0,1
Gymnastics,All Around,2024,861,7,1,1,0
Boxing,Freestyle,2008,619,42,0,1,0
Weightlifting,400m,2016,55,1,0,0,0
Swimming,200m,2012,435,5,1,0,1
Cycling,Singles,2012,807,17,0,0,0
Cycling,100m,2004,689,48,0,0,1
Wrestling,Doubles,2020,53,49,1,1,0
Cycling,Relay,2004,63,17,1,0,1
Tennis,Relay,2024,423,24,1,1,0
Weightlifting,400m,2008,74,50,0,0,0
Wrestling,Relay,2004,539,47,1,1,0
Tennis,Butterfly,2004,654,41,0,0,0
Cycling,Butterfly,2012,783,8,1,0,1
Shooting,Relay,2012,935,41,0,1,1
Wrestling,Final,2004,857,16,0,0,0
Weightlifting,Relay,2024,184,22,0,0,1
Tennis,200m,2008,390,39,0,1,1
Weightlifting,Doubles,2020,329,11,0,1,0
Weightlifting,Butterfly,2012,265,20,1,0,1
Shooting,Butterfly,2020,116,8,0,1,0
Cycling,100m,2016,264,2,0,1,1
Tennis,200m,2012,325,45,1,0,1
Gymnastics,All Around,2020,491,40,0,0,1
Weightlifting,200m,2024,156,2,1,1,0
Tennis,400m,2004,423,12,1,1,0
Cycling,400m,2008,332,33,1,0,0
Gymnastics,Doubles,2012,353,43,1,1,0
Tennis,Doubles,2008,617,23,1,1,1
Athletics,Doubles,2024,836,10,1,1,1
Athletics,200m,2004,491,44,0,1,1
Swimming,Relay,2024,541,28,0,1,1
Tennis,Butterfly,2004,106,11,1,1,0
Cycling,Relay,2004,816,1,0,1,1
Cycling,100m,2024,971,33,0,0,1
Shooting,400m,2020,478,15,0,0,0
Tennis,Singles,2020,208,6,0,1,0
Wrestling,Freestyle,2012,558,23,0,0,0
Tennis,400m,2004,66,40,1,0,1
Gymnastics,Singles,2016,260,44,0,1,0
Tennis,Doubles,2024,441,49,0,1,1
Athletics,400m,2020,749,47,1,1,1
Athletics,100m,2004,980,24,0,0,0
Weightlifting,Final,2024,551,50,1,0,0
Wrestling,400m,2008,707,4,0,0,1
Swimming,All Around,2008,133,16,1,0,0
Shooting,Relay,2004,723,13,1,0,1
Cycling,All Around,2012,827,14,0,1,0
Shooting,100m,2020,115,27,1,0,0
Wrestling,Butterfly,2020,395,36,1,1,0
Cycling,Relay,2004,261,24,1,1,0
Swimming,Butterfly,2004,447,26,1,1,0
Swimming,Singles,2012,298,48,1,0,0
Boxing,200m,2016,417,20,0,1,0
Shooting,100m,2020,133,19,0,0,1
Swimming,Freestyle,2004,670,40,1,1,0
Cycling,200m,2012,857,11,1,1,0
Cycling,400m,2008,677,36,0,1,0
Tennis,All Around,2024,312,16,1,1,0
Rowing,All Around,2016,179,22,0,1,0
Athletics,200m,2004,937,22,0,1,1
Shooting,Butterfly,2008,475,29,0,1,0
Cycling,200m,2016,283,35,0,0,0
Rowing,Freestyle,2020,913,33,0,1,0
Shooting,Butterfly,2004,819,20,0,0,0
Boxing,Freestyle,2024,787,19,1,0,0
Boxing,Freestyle,2020,417,29,1,1,1
Weightlifting,Doubles,2004,110,44,0,1,0
Swimming,Final,2012,479,27,0,1,1
Boxing,200m,2004,399,1,1,1,0
Athletics,Freestyle,2024,951,11,0,0,0
Cycling,Butterfly,2024,535,39,1,0,0
Shooting,Relay,2012,470,28,0,0,0
Swimming,All Around,2012,400,7,0,0,1
Weightlifting,Doubles,2008,478,7,1,1,0
Cycling,Relay,2020,694,32,1,0,1
Shooting,Doubles,2020,407,33,0,1,0
Weightlifting,All Around,2016,714,16,0,0,0
Tennis,Relay,2016,602,19,1,1,1
Tennis,Final,2012,284,8,0,1,1
Weightlifting,400m,2024,437,9,1,1,1
Cycling,Final,2016,851,23,0,1,0
Rowing,Relay,2012,594,42,0,1,0
Tennis,Doubles,2024,802,37,1,1,1
Tennis,Singles,2008,945,44,1,1,1
Shooting,200m,2016,489,34,1,0,1
Swimming,All Around,2024,216,4,1,0,1
Tennis,Butterfly,2004,902,44,0,1,0
Swimming,All Around,2020,548,14,1,0,0
Cycling,Relay,2024,729,33,1,1,0
Cycling,Relay,2016,596,38,1,0,1
Swimming,400m,2008,90,49,0,1,1
Cycling,400m,2016,244,21,1,0,1
Weightlifting,All Around,2008,269,39,0,0,0
Gymnastics,Relay,2012,494,32,0,1,1
Weightlifting,Freestyle,2004,600,16,1,1,1
Boxing,All Around,2004,936,10,0,0,1
Athletics,All Around,2012,76,13,1,1,1
Boxing,Doubles,2012,819,31,1,0,0
Athletics,Singles,2020,256,43,0,0,1
Swimming,Butterfly,2012,31,29,1,0,0
Gymnastics,400m,2020,665,16,0,1,1
Rowing,Final,2016,571,45,1,0,0
Rowing,Freestyle,2012,332,22,1,0,0
Wrestling,Relay,2024,341,28,0,1,1
Tennis,Singles,2020,822,44,1,0,0
Gymnastics,All Around,2016,879,13,0,1,1
Swimming,100m,2020,183,45,0,1,1
Gymnastics,Butterfly,2020,18,12,0,0,0
Weightlifting,All Around,2012,972,22,0,1,0
Tennis,Doubles,2004,443,42,1,0,0
Boxing,200m,2008,40,4,0,0,1
Rowing,Doubles,2004,469,28,1,0,0
Wrestling,400m,2024,76,36,0,0,0
Weightlifting,200m,2024,611,11,1,0,0
Swimming,Freestyle,2008,26,31,0,0,0
Wrestling,100m,2004,920,36,0,0,0
Tennis,All Around,2024,287,12,1,0,1
Rowing,Doubles,2020,332,32,1,0,0
Swimming,Butterfly,2008,155,11,0,0,0
Wrestling,Doubles,2020,55,19,1,1,1
Boxing,Singles,2020,332,9,1,1,1
Swimming,Doubles,2016,839,45,0,1,1
Tennis,400m,2024,643,17,1,0,1
Tennis,Relay,2016,564,30,1,1,1
Shooting,Singles,2012,15,29,0,1,1
Boxing,All Around,2016,470,50,0,1,0
Gymnastics,Doubles,2020,513,39,1,0,1
Gymnastics,Butterfly,2020,63,39,0,0,1
Athletics,Butterfly,2012,123,29,0,0,1
Cycling,All Around,2004,661,34,1,0,1
Wrestling,Butterfly,2020,528,1,0,0,1
Wrestling,Final,2016,993,37,1,0,0
Tennis,Doubles,2020,196,8,0,1,0
Shooting,Freestyle,2008,383,44,1,0,1
Swimming,200m,2020,619,6,1,0,1
Swimming,200m,2016,2,45,1,1,0
Boxing,400m,2004,492,30,0,0,1
Rowing,100m,2012,232,15,1,1,1
Weightlifting,Butterfly,2016,717,10,1,1,0
Swimming,Freestyle,2004,94,3,0,0,1
Swimming,200m,2016,569,48,1,0,0
Swimming,Freestyle,2004,153,23,1,1,0
Cycling,Doubles,2008,34,6,0,0,1
Boxing,Doubles,2020,485,18,1,1,0
Weightlifting,Butterfly,2012,610,48,1,1,1
Gymnastics,Freestyle,2008,393,43,1,0,0
Rowing,200m,2016,292,8,1,0,1
Rowing,100m,2024,872,24,0,0,0
Tennis,Doubles,2008,890,29,1,1,1
Wrestling,Singles,2004,762,44,1,0,1
Boxing,All Around,2004,828,30,1,0,1
Shooting,Final,2020,741,26,0,1,1
Weightlifting,Doubles,2004,528,4,0,1,1
Gymnastics,Final,2024,47,44,1,1,1
Rowing,Freestyle,2004,579,40,1,0,0
Rowing,Freestyle,2008,325,10,1,0,0
Athletics,200m,2024,986,4,1,0,1
Wrestling,Butterfly,2020,625,36,1,0,0
Athletics,Relay,2012,847,37,1,0,0
Swimming,All Around,2024,712,13,1,0,0
Gymnastics,400m,2024,880,27,1,0,1
Weightlifting,All Around,2024,955,9,0,1,1
Rowing,Singles,2008,843,37,1,0,0
Athletics,Final,2016,996,44,1,1,1
Rowing,Butterfly,2004,302,12,0,1,0
Tennis,Singles,2012,699,31,0,0,1
Wrestling,200m,2016,188,32,1,0,1
Boxing,400m,2020,853,12,1,1,1
Weightlifting,Singles,2020,665,40,1,1,1
Boxing,Final,2012,338,33,1,1,1
Athletics,Relay,2012,5,8,0,0,1
Swimming,Freestyle,2020,446,12,1,1,0
Weightlifting,Relay,2012,386,16,0,0,0
Rowing,Singles,2012,807,19,1,0,1
Boxing,Butterfly,2004,944,5,1,1,1
Gymnastics,400m,2024,944,16,0,1,0
Wrestling,Freestyle,2020,259,34,0,1,0
Athletics,Butterfly,2004,135,46,0,1,1
Cycling,Relay,2004,219,29,0,1,0
Shooting,Butterfly,2024,665,11,1,1,1
Boxing,Butterfly,2008,883,5,0,0,0
Cycling,Singles,2024,15,32,0,1,0
Wrestling,Butterfly,2004,327,45,1,1,1
Shooting,Butterfly,2016,238,23,1,1,1
Athletics,Singles,2004,170,41,0,1,0
Athletics,400m,2024,536,46,1,1,0
Boxing,Doubles,2012,400,38,1,0,0
Shooting,Final,2016,905,3,1,0,0
Cycling,200m,2024,226,44,0,1,0
Gymnastics,Relay,2024,164,2,0,1,1
Shooting,Butterfly,2012,130,29,1,1,0
Wrestling,Singles,2024,680,50,1,0,1
Gymnastics,Singles,2016,757,25,0,0,0
Swimming,Singles,2016,460,36,0,1,1
Athletics,100m,2016,187,43,0,0,1
Boxing,Freestyle,2016,249,22,1,0,0
Gymnastics,All Around,2016,660,46,0,0,1
Boxing,Relay,2012,544,23,1,0,0
Gymnastics,All Around,2008,764,41,0,0,1
Tennis,100m,2012,727,11,1,0,0
Boxing,Freestyle,2012,298,27,0,1,1
Swimming,Final,2004,107,27,1,0,1
Weightlifting,Butterfly,2024,804,19,1,1,0
Shooting,Butterfly,2012,390,39,0,1,1
Shooting,Final,2024,688,28,1,0,0
Gymnastics,400m,2020,869,5,0,1,1
Boxing,Singles,2016,941,45,1,0,0
Wrestling,400m,2008,694,40,1,1,1
Gymnastics,Butterfly,2012,33,32,1,0,1
Cycling,100m,2004,132,46,0,0,0
Weightlifting,Singles,2004,711,8,0,1,0
Wrestling,400m,2020,230,16,1,1,0
Boxing,Singles,2004,40,35,0,0,1
Cycling,Relay,2016,287,13,1,1,1
Swimming,400m,2024,672,29,1,0,1
Athletics,Freestyle,2016,375,39,1,1,1
Weightlifting,Final,2012,984,32,1,1,1
Boxing,100m,2012,332,42,0,1,0
Weightlifting,200m,2016,118,20,1,1,0
Shooting,Relay,2020,354,11,1,0,1
Gymnastics,100m,2016,916,43,0,0,1
Boxing,200m,2004,625,41,0,0,1
Boxing,All Around,2012,728,19,1,0,0
Cycling,100m,2024,139,31,1,1,1
Cycling,100m,2020,749,50,0,1,0
Cycling,Freestyle,2024,879,16,0,0,0
Rowing,Final,2004,755,45,0,0,1
Cycling,Final,2024,856,2,1,0,0
Athletics,Singles,2004,371,46,0,1,1
Weightlifting,Freestyle,2020,582,4,0,1,1
Weightlifting,Final,2004,140,42,0,0,1
Rowing,Butterfly,2004,89,36,0,0,0
Rowing,Relay,2012,821,33,1,1,0
Cycling,Relay,2020,786,44,1,0,1
Wrestling,Singles,2016,90,12,1,0,1
Gymnastics,200m,2004,155,2,0,0,0
Shooting,200m,2008,41,6,1,1,0
Gymnastics,Doubles,2020,974,39,0,0,1
Wrestling,Final,2012,162,13,0,0,0
Shooting,400m,2004,687,14,0,1,1
Shooting,Relay,2004,453,10,0,1,1
Tennis,100m,2012,998,46,0,1,0
Swimming,Relay,2024,562,37,0,0,1
Rowing,100m,2012,833,2,0,0,0
Gymnastics,100m,2008,279,17,1,1,0
Tennis,200m,2012,916,34,1,1,1
Swimming,All Around,2016,356,49,0,1,1
Gymnastics,Relay,2004,846,25,0,0,1
Swimming,Relay,2024,510,42,0,0,0
Boxing,All Around,2004,978,13,1,0,0
Wrestling,Butterfly,2016,24,1,1,1,1
Weightlifting,Butterfly,2016,703,39,0,0,0
Cycling,All Around,2004,30,32,0,1,0
Swimming,Doubles,2016,888,5,1,0,1
Cycling,Relay,2008,222,20,0,0,1
Boxing,Singles,2016,301,19,0,0,0
Tennis,Freestyle,2020,750,1,1,0,0
Shooting,Freestyle,2020,859,45,0,1,1
Rowing,Freestyle,2012,892,8,0,0,1
Swimming,Relay,2012,532,11,0,1,1
Shooting,Singles,2008,561,46,1,0,1
Weightlifting,Relay,2008,976,16,0,0,1
Cycling,Butterfly,2012,450,24,1,1,1
Rowing,Singles,2016,756,31,1,0,1
Cycling,All Around,2004,134,3,1,0,0
Tennis,Freestyle,2012,912,11,1,1,1
Swimming,200m,2012,367,33,1,0,0
Athletics,Final,2012,819,6,1,1,0
Shooting,200m,2024,320,46,0,1,0
Athletics,Butterfly,2020,391,8,0,1,1
Swimming,Relay,2016,78,6,0,1,0
Boxing,Freestyle,2012,727,41,1,1,1
Rowing,400m,2024,408,33,0,1,1
Cycling,All Around,2016,92,18,0,0,1
Rowing,Freestyle,2012,347,37,1,1,1
Swimming,100m,2008,8,6,0,1,0
Gymnastics,All Around,2008,980,15,1,1,1
Gymnastics,200m,2024,878,47,1,0,1
Shooting,Relay,2020,377,43,0,1,1
Swimming,Doubles,2008,265,2,0,1,1
Swimming,Singles,2004,72,13,1,1,0
Cycling,Final,2020,644,17,1,0,1
Tennis,100m,2004,708,27,0,1,1
Weightlifting,Freestyle,2024,128,20,0,1,1
Rowing,Doubles,2024,397,28,1,1,0
Athletics,All Around,2024,715,23,1,0,1
Boxing,400m,2020,8,1,0,1,0
Tennis,Relay,2012,314,30,1,1,0
Cycling,Freestyle,2024,121,27,0,0,0
Wrestling,Final,2024,527,39,1,0,0
Swimming,200m,2016,14,30,0,0,1
Boxing,All Around,2016,975,5,0,0,1
Weightlifting,Final,2020,289,6,1,0,0
Boxing,Freestyle,2008,807,35,0,0,1
Gymnastics,Singles,2016,731,23,1,1,0
Cycling,100m,2008,425,21,1,1,1
Tennis,200m,2004,350,34,0,0,1
Swimming,Singles,2020,285,5,0,1,0
Athletics,Butterfly,2004,78,20,1,1,1
Wrestling,200m,2004,597,33,0,0,1
Boxing,Final,2008,750,50,1,1,0
Shooting,Singles,2024,784,22,0,0,1
Tennis,Final,2020,691,47,1,1,0
Swimming,All Around,2020,574,8,0,1,0
Gymnastics,Freestyle,2004,161,6,0,0,0
Wrestling,All Around,2020,995,38,0,1,1
Wrestling,100m,2008,555,28,1,0,0
Weightlifting,Freestyle,2016,65,27,1,1,0
Athletics,100m,2004,194,44,1,0,0
Tennis,100m,2008,500,34,0,1,1
Weightlifting,Relay,2008,38,32,0,0,1
Shooting,Final,2020,159,44,1,1,1
Shooting,All Around,2016,957,44,0,1,1
Swimming,All Around,2012,690,18,1,1,1
Tennis,400m,2016,483,26,1,1,0
Weightlifting,Singles,2008,515,7,1,1,1
Tennis,Doubles,2012,4,3,0,1,1
Gymnastics,400m,2004,191,28,0,1,0
Swimming,Relay,2008,866,48,1,1,1
Gymnastics,Freestyle,2016,229,16,0,0,1
Rowing,100m,2024,391,15,1,0,1
Shooting,Freestyle,2008,663,10,1,1,1
Tennis,Freestyle,2004,129,22,0,1,0
Swimming,Freestyle,2008,410,47,1,0,0
Gymnastics,All Around,2016,237,14,1,0,0
Shooting,Freestyle,2024,410,11,0,1,0
Cycling,All Around,2024,181,12,1,0,0
Swimming,Relay,2008,735,31,0,0,1
Gymnastics,Relay,2012,959,3,0,1,0
Rowing,Relay,2008,239,49,0,0,0
Shooting,Final,2012,409,41,0,0,1
Tennis,Singles,2024,945,1,1,1,0
Tennis,200m,2020,537,46,1,0,1
Wrestling,Doubles,2024,395,35,0,1,1
Boxing,Freestyle,2012,310,47,0,0,1
Tennis,Singles,2008,475,40,0,1,1
Swimming,Freestyle,2008,731,10,1,0,1
Shooting,Singles,2012,632,14,1,0,0
Weightlifting,100m,2008,618,30,1,0,0
Athletics,Freestyle,2004,244,11,0,1,1
Boxing,Freestyle,2004,698,44,0,0,1
Swimming,Butterfly,2016,445,48,1,0,1
Tennis,Relay,2012,507,27,1,0,1
Weightlifting,Doubles,2024,545,28,0,0,1
Weightlifting,200m,2024,1,15,1,0,1
Gymnastics,All Around,2016,173,10,0,1,1
Weightlifting,Butterfly,2008,930,44,1,1,0
Weightlifting,Butterfly,2008,611,39,1,1,1
Swimming,Relay,2020,577,23,1,1,1
Boxing,Butterfly,2024,669,24,0,0,1
Swimming,Singles,2016,223,3,0,0,0
Swimming,400m,2024,827,30,0,1,1
Cycling,400m,2012,754,25,1,0,0
Gymnastics,Relay,2012,941,33,1,1,0
Weightlifting,200m,2016,684,26,0,0,0
Swimming,Doubles,2004,310,36,1,1,0
Tennis,Relay,2024,158,27,1,1,1
Shooting,Doubles,2024,708,13,1,1,1
Rowing,200m,2016,442,4,0,0,1
Athletics,Butterfly,2012,938,50,1,0,0
Rowing,Freestyle,2016,835,16,1,1,1
Weightlifting,Final,2012,937,32,0,0,1
Shooting,100m,2024,790,46,1,0,0
Boxing,Butterfly,2016,354,6,0,1,1
Tennis,All Around,2004,608,34,0,1,1
Cycling,Final,2012,45,39,1,1,0
Shooting,100m,2016,162,48,1,0,0
Cycling,100m,2020,882,37,1,1,1
Weightlifting,400m,2012,953,15,1,0,1
Rowing,Singles,2016,610,22,0,0,0
Athletics,Freestyle,2016,33,16,1,0,0
Shooting,Singles,2004,215,22,1,1,1
Wrestling,Butterfly,2004,927,20,0,0,1
Wrestling,Final,2016,283,30,1,0,0
Wrestling,200m,2008,182,8,1,0,0
Weightlifting,Butterfly,2024,321,23,1,0,0
Swimming,Final,2004,322,34,0,0,0
Boxing,400m,2020,426,46,1,0,0
Cycling,Singles,2012,324,48,0,0,0
Weightlifting,Freestyle,2016,198,34,0,0,0
Athletics,400m,2012,831,23,1,0,0
Boxing,Singles,2004,395,48,0,1,0
Cycling,Butterfly,2024,804,47,1,0,1
Boxing,200m,2020,98,43,0,1,1
Athletics,Singles,2016,815,43,1,0,1
Swimming,Singles,2004,658,20,0,0,0
Shooting,Freestyle,2004,503,45,0,1,0
Gymnastics,Doubles,2008,213,9,0,0,1
Weightlifting,Freestyle,2008,985,9,0,1,0
Swimming,Relay,2016,894,44,0,1,1
Boxing,Singles,2020,358,25,0,1,1
Shooting,100m,2016,410,7,0,0,1
Gymnastics,100m,2024,236,4,1,1,0
Wrestling,Freestyle,2016,690,6,0,0,0
Shooting,Butterfly,2004,852,42,0,0,0
Gymnastics,Relay,2024,630,39,0,0,0
Gymnastics,Freestyle,2012,598,48,1,0,0
Wrestling,400m,2008,118,19,1,1,0
Swimming,Doubles,2024,397,41,0,1,0
Rowing,Freestyle,2004,353,11,0,0,0
Swimming,Relay,2016,7,34,0,1,1
Athletics,Singles,2004,260,17,1,0,0
Weightlifting,All Around,2004,263,3,0,1,1
Weightlifting,Freestyle,2012,288,37,1,0,1
Swimming,Doubles,2024,832,48,1,0,1
Gymnastics,All Around,2012,349,26,1,0,1
Weightlifting,100m,2016,265,10,1,0,1
Gymnastics,Doubles,2024,17,19,1,1,1
Wrestling,400m,2012,869,13,1,1,1
Wrestling,Doubles,2004,900,39,1,0,0
Athletics,Butterfly,2012,508,9,1,0,1
Rowing,Butterfly,2020,328,38,0,0,1
Gymnastics,Doubles,2016,981,25,0,0,1
Wrestling,400m,2024,554,26,1,0,0
Rowing,Doubles,2020,131,18,1,1,1
Swimming,200m,2016,379,25,0,1,1
Rowing,100m,2008,65,24,1,0,0
Athletics,400m,2012,152,18,0,0,1
Gymnastics,Freestyle,2024,400,3,0,1,1
Weightlifting,Butterfly,2004,464,12,0,1,0
Boxing,400m,2004,641,24,0,1,0
Athletics,Relay,2024,122,33,1,1,1
Swimming,Freestyle,2020,984,40,0,1,0
Cycling,400m,2008,744,46,0,0,0
Gymnastics,Doubles,2012,939,17,0,0,1
Athletics,Final,2004,827,35,1,0,1
Cycling,All Around,2016,606,49,0,1,0
Gymnastics,200m,2004,438,34,0,0,0
Cycling,All Around,2020,963,37,0,0,0
Swimming,Doubles,2016,155,20,0,1,1
Tennis,Singles,2020,773,28,0,1,1
Shooting,All Around,2016,996,19,1,0,1
Cycling,Final,2020,536,35,0,0,1
Gymnastics,Freestyle,2012,303,48,0,0,1
Cycling,Freestyle,2004,70,30,0,0,1
Swimming,Relay,2012,345,24,0,0,1
Gymnastics,100m,2012,452,26,1,1,1
Wrestling,100m,2020,132,35,1,1,1
Shooting,All Around,2004,741,43,0,0,1
Boxing,Relay,2004,701,14,1,1,0
Athletics,Freestyle,2024,140,26,0,0,0
Tennis,Final,2024,921,6,1,1,0
Swimming,200m,2004,825,25,0,1,1
Boxing,400m,2020,808,39,1,1,1
Tennis,Final,2012,954,14,0,0,1
Athletics,200m,2024,872,24,0,0,0
Rowing,Doubles,2016,169,40,1,1,0
Athletics,100m,2004,765,14,1,0,1
Rowing,Doubles,2020,509,24,1,1,0
Shooting,Singles,2020,95,31,1,0,0
Athletics,Freestyle,2020,605,10,1,1,0
Tennis,Butterfly,2008,528,9,1,1,0
Cycling,Relay,2004,165,11,0,0,1
Rowing,Singles,2004,952,29,0,1,1
Cycling,200m,2012,750,48,0,1,1
Rowing,All Around,2016,741,32,1,0,1
Swimming,Relay,2016,395,27,1,1,0
Swimming,All Around,2016,986,46,0,0,0
Athletics,400m,2024,661,35,0,0,0
Shooting,Butterfly,2020,169,31,1,1,0
Wrestling,Final,2024,810,14,0,0,0
Rowing,Freestyle,2024,601,28,0,0,1
Wrestling,Butterfly,2004,909,18,1,0,0
Gymnastics,Relay,2012,670,17,0,1,1
Weightlifting,Singles,2004,116,34,1,1,1
Athletics,400m,2012,186,8,0,1,0
Tennis,Singles,2024,91,31,0,1,0
Wrestling,Final,2024,973,34,0,0,1
Boxing,Doubles,2012,948,24,1,1,0
Athletics,Doubles,2008,512,37,0,0,0
Wrestling,Relay,2024,404,22,1,0,1
Wrestling,All Around,2016,533,32,1,1,1
Weightlifting,Relay,2012,808,36,1,0,0
Rowing,200m,2016,264,39,0,1,0
Shooting,100m,2020,669,35,1,0,1
Tennis,400m,2008,206,39,0,1,1
Athletics,Freestyle,2004,34,7,0,0,0
Weightlifting,200m,2012,316,34,0,1,1
Gymnastics,Relay,2016,996,17,1,0,0
Rowing,Doubles,2020,14,6,0,1,0
Wrestling,Final,2016,721,39,0,1,0
Boxing,All Around,2008,544,43,0,1,1
Weightlifting,Doubles,2016,473,43,0,1,1
Gymnastics,100m,2020,692,26,0,0,0
Cycling,All Around,2008,443,20,0,0,0
Boxing,Singles,2016,582,37,1,0,1
Boxing,Doubles,2016,107,43,1,1,1
Weightlifting,Relay,2008,787,32,1,0,0
Athletics,Freestyle,2012,695,40,0,1,1
Cycling,400m,2024,857,27,0,1,1
Wrestling,Singles,2020,705,35,1,0,0
Shooting,Freestyle,2024,620,31,0,1,1
Tennis,Doubles,2012,850,14,0,1,1
Rowing,All Around,2004,173,25,0,0,1
Wrestling,All Around,2024,435,49,1,1,1
Boxing,Singles,2016,672,48,1,1,1
Weightlifting,Final,2016,763,6,1,1,0
Rowing,All Around,2012,885,21,0,0,1
Swimming,Freestyle,2008,454,32,0,0,1
Shooting,Doubles,2016,323,15,1,1,0
Cycling,All Around,2012,287,36,0,1,0
Boxing,Relay,2020,222,13,1,1,0
Gymnastics,Doubles,2004,254,27,1,1,0
Rowing,100m,2016,227,30,0,0,1
Athletics,Freestyle,2004,740,25,0,0,1
Swimming,Freestyle,2004,47,48,0,1,1
Shooting,Relay,2020,463,41,1,0,0
Rowing,Butterfly,2016,288,42,1,1,1
Wrestling,100m,2008,224,9,1,0,1
Rowing,200m,2012,609,10,0,1,0
Swimming,200m,2004,184,41,1,1,0
Tennis,Singles,2004,699,39,1,0,1
Rowing,Singles,2012,607,30,1,1,0
Shooting,Relay,2008,884,2,1,0,1
Rowing,Relay,2012,458,42,1,1,1
Shooting,Doubles,2008,876,22,0,1,0
Wrestling,100m,2008,779,30,0,1,1
Boxing,Butterfly,2016,62,31,0,0,0
Weightlifting,400m,2008,905,47,1,0,0
Weightlifting,200m,2008,193,32,1,1,1
Weightlifting,Doubles,2020,989,20,0,0,0
Tennis,Butterfly,2020,457,1,1,0,1
Weightlifting,200m,2004,644,49,1,1,0
Swimming,Butterfly,2012,42,32,0,1,0
Shooting,Final,2016,544,47,1,0,0
Cycling,Final,2020,862,50,1,1,0
Wrestling,Freestyle,2024,292,45,0,1,1
Weightlifting,400m,2016,190,33,0,0,0
Athletics,All Around,2020,890,33,0,1,1
Cycling,200m,2016,505,48,1,1,1
Rowing,100m,2020,576,43,1,0,0
Cycling,400m,2024,35,30,1,1,0
Boxing,400m,2016,635,40,0,0,1
Gymnastics,Relay,2024,39,9,1,1,0
Cycling,100m,2020,843,11,0,1,1
Boxing,Final,2004,251,2,1,0,1
Rowing,100m,2008,700,30,0,0,0
Athletics,400m,2024,624,23,0,0,1
Swimming,100m,2012,132,13,0,0,0
Wrestling,Singles,2008,828,4,1,0,0
Weightlifting,Relay,2004,932,23,1,1,1
Cycling,Singles,2012,455,49,1,1,0
Weightlifting,Singles,2024,154,18,1,1,0
Shooting,200m,2012,879,6,0,1,0
Cycling,Singles,2008,448,18,0,1,0
Shooting,Freestyle,2008,892,24,1,1,1
Shooting,Singles,2024,742,6,1,1,0
Cycling,100m,2020,127,37,1,1,1
Rowing,Singles,2016,397,7,1,0,1
Shooting,Singles,2012,600,48,0,1,0
Shooting,Doubles,2008,671,17,1,1,1
Swimming,Relay,2012,28,29,1,1,1
Boxing,Doubles,2024,820,50,0,1,1
Shooting,Singles,2004,880,4,0,0,1
Tennis,Freestyle,2012,458,50,1,1,1
Rowing,Freestyle,2020,895,12,1,1,0
Gymnastics,Relay,2020,459,10,1,0,1
Weightlifting,All Around,2020,40,2,1,0,1
Boxing,Freestyle,2020,292,36,1,1,1
Rowing,200m,2016,437,9,0,1,1
Tennis,200m,2008,338,24,0,1,0
Gymnastics,All Around,2016,458,17,0,1,1
Athletics,400m,2008,503,10,1,1,1
Cycling,200m,2012,837,24,0,0,1
Athletics,All Around,2024,839,4,0,1,1
Boxing,Freestyle,2020,247,19,1,1,1
Boxing,Butterfly,2008,982,8,1,0,0
Boxing,All Around,2024,994,49,1,1,0
Shooting,Doubles,2012,777,1,1,0,0
Shooting,Butterfly,2024,53,19,0,0,1
Athletics,Freestyle,2012,697,31,1,0,0
Weightlifting,All Around,2020,238,15,1,1,0
Weightlifting,Relay,2004,685,44,1,0,1
Swimming,200m,2004,378,24,0,0,0
Athletics,Freestyle,2008,178,3,0,1,1
Swimming,100m,2020,726,13,0,0,1
Cycling,All Around,2020,44,12,0,0,1
Shooting,400m,2024,975,5,0,1,1
Tennis,Singles,2004,771,49,1,1,1
Wrestling,Relay,2024,904,18,0,0,0
Rowing,Singles,2024,95,12,1,0,1
Wrestling,Final,2016,285,10,1,1,1
Swimming,Final,2016,664,36,0,0,1
Weightlifting,Butterfly,2016,246,29,1,0,1
Tennis,Final,2012,625,37,0,1,1
Shooting,All Around,2024,91,20,1,1,0
Weightlifting,Doubles,2024,343,16,0,1,1
Wrestling,Butterfly,2012,670,10,0,1,0
Gymnastics,Butterfly,2020,778,1,1,1,1
Wrestling,Butterfly,2024,828,34,0,0,0
Gymnastics,Doubles,2008,249,43,0,1,1
Shooting,All Around,2008,191,4,0,1,0
Cycling,All Around,2024,572,50,1,0,1
Athletics,Relay,2020,424,32,1,1,1
Shooting,Relay,2004,951,17,1,1,1
Boxing,All Around,2024,409,42,1,1,1
Shooting,100m,2004,908,23,1,0,0
Wrestling,All Around,2024,435,17,1,1,0
Wrestling,Relay,2008,479,3,1,1,0
Rowing,Butterfly,2012,198,17,1,0,0
Swimming,Final,2008,90,44,1,1,1
Tennis,200m,2012,141,4,0,1,0
Weightlifting,200m,2020,995,34,1,0,1
Wrestling,Freestyle,2024,104,16,0,1,1
Swimming,Singles,2004,641,17,0,0,0
Weightlifting,Singles,2016,921,28,1,0,0
Tennis,Doubles,2024,734,4,1,0,0
Cycling,Singles,2004,2,26,0,0,1
Swimming,100m,2012,155,9,0,1,1
Tennis,Final,2020,852,50,1,1,0
Boxing,400m,2016,20,46,0,1,1
Athletics,200m,2012,221,21,0,0,1
Swimming,All Around,2016,750,48,1,0,0
Swimming,Butterfly,2004,12,39,0,0,0
Wrestling,Singles,2020,467,19,1,0,1
Athletics,Final,2016,245,10,0,1,0
Athletics,Doubles,2008,455,19,0,0,0
Wrestling,Butterfly,2016,360,26,0,0,0
Cycling,Butterfly,2004,927,27,1,1,0
Wrestling,400m,2012,465,21,1,1,0
Wrestling,All Around,2008,916,4,0,1,1
Swimming,400m,2016,742,21,0,0,0
Boxing,Butterfly,2020,500,3,1,0,1
Tennis,200m,2004,995,12,0,0,1
Tennis,Doubles,2008,830,12,0,1,0
Weightlifting,Relay,2024,942,15,0,1,1
Shooting,Final,2024,597,45,1,0,1
Boxing,All Around,2004,918,29,1,0,0
Athletics,Singles,2008,33,10,1,0,1
Rowing,Butterfly,2024,542,22,1,0,0
Gymnastics,100m,2012,71,50,0,1,1
Shooting,Singles,2004,798,21,0,0,0
Cycling,Final,2016,794,24,0,0,1
Cycling,Relay,2004,324,31,1,1,0
Tennis,100m,2004,592,35,1,0,1
Rowing,Relay,2016,952,29,0,0,0
Tennis,100m,2024,277,29,0,0,0
Boxing,Doubles,2008,566,44,0,0,1
Athletics,All Around,2024,861,35,1,1,0
Tennis,Butterfly,2020,456,24,0,1,0
Tennis,Relay,2024,793,37,0,0,0
Swimming,Freestyle,2024,372,38,0,1,0
Cycling,200m,2016,603,14,1,1,1
Swimming,Singles,2020,731,17,1,0,1
Boxing,Final,2012,848,10,1,0,1
Tennis,100m,2024,510,25,1,0,1
Wrestling,400m,2004,481,35,1,1,0
Gymnastics,All Around,2004,595,43,0,1,0
Gymnastics,Butterfly,2024,839,5,0,1,0
Athletics,100m,2020,908,15,1,0,0
Weightlifting,Final,2020,4,36,0,1,0
Swimming,Relay,2008,512,45,1,0,0
Boxing,Singles,2016,477,32,1,0,0
Rowing,Doubles,2016,138,45,1,0,0
Athletics,Doubles,2012,438,42,1,1,1
Swimming,All Around,2016,208,41,1,1,1
Weightlifting,200m,2020,838,11,0,0,1
Athletics,Relay,2012,411,16,1,1,0
Boxing,100m,2004,508,23,0,1,1
Rowing,Singles,2016,655,31,0,1,0
Shooting,400m,2024,116,32,1,1,1
Rowing,All Around,2016,622,16,1,1,1
Cycling,Singles,2008,382,25,1,0,0
Boxing,400m,2004,863,6,0,0,1
Rowing,Butterfly,2024,592,8,0,1,1
Athletics,Doubles,2004,583,27,0,0,1
Cycling,100m,2008,643,5,0,1,0
Swimming,Freestyle,2024,403,34,0,1,1
Cycling,Relay,2012,864,22,0,1,0
Swimming,400m,2020,692,18,1,1,1
Shooting,200m,2004,191,36,0,1,0
Rowing,Freestyle,2004,463,15,0,0,0
Weightlifting,Relay,2004,452,42,1,1,1
Swimming,Relay,2020,667,18,1,1,0
Boxing,Freestyle,2016,710,43,1,1,0
Tennis,Final,2008,76,9,1,0,1
Boxing,Relay,2012,254,33,0,0,1
Tennis,Freestyle,2004,878,38,0,1,0
Swimming,Doubles,2012,528,3,0,1,1
Tennis,Freestyle,2016,191,40,1,0,0
Weightlifting,200m,2016,549,25,1,0,1
Boxing,100m,2016,587,49,1,0,1
Rowing,200m,2004,805,46,0,0,1
Gymnastics,All Around,2024,608,31,1,0,1
Rowing,Doubles,2008,118,1,0,0,1
Weightlifting,Doubles,2024,117,14,0,0,1
Tennis,Freestyle,2008,542,20,0,0,0
Boxing,All Around,2004,876,13,1,1,1
Wrestling,100m,2024,95,27,1,0,1
Gymnastics,Final,2012,931,21,1,1,0
Swimming,400m,2004,851,15,1,1,1
Weightlifting,400m,2008,680,16,1,0,1
Athletics,All Around,2008,683,19,0,1,1
Wrestling,100m,2020,949,22,1,1,0
Swimming,Butterfly,2004,816,16,0,0,1
Weightlifting,Freestyle,2004,401,13,1,0,0
Rowing,200m,2024,182,1,0,0,1
Athletics,All Around,2012,409,5,1,0,1
Wrestling,Final,2024,850,6,1,1,0
Cycling,Relay,2024,202,28,1,1,0
Gymnastics,Singles,2012,963,39,0,1,1
Boxing,Singles,2004,450,42,0,1,1
Shooting,400m,2020,61,46,1,0,1
Weightlifting,400m,2008,88,38,0,0,1
Gymnastics,Doubles,2020,933,39,1,0,1
Athletics,Final,2004,770,6,0,1,1
Weightlifting,Doubles,2008,595,8,1,0,1
Boxing,400m,2004,928,8,0,0,0
Tennis,Final,2004,156,4,1,1,1
Weightlifting,Singles,2020,984,34,1,1,1
Weightlifting,Final,2020,76,45,0,1,0
Weightlifting,200m,2008,678,25,1,1,0
Wrestling,Final,2012,711,41,0,1,0
Gymnastics,200m,2020,671,2,0,0,0
Swimming,Singles,2012,904,9,0,0,1
Wrestling,Singles,2008,909,16,1,0,1
Swimming,400m,2008,903,47,1,1,0
Wrestling,All Around,2004,645,16,0,0,0
Boxing,Relay,2012,163,16,1,1,0
Tennis,All Around,2016,31,20,0,0,1
Wrestling,Butterfly,2016,310,4,1,1,0
Athletics,100m,2016,666,22,0,1,0
Swimming,Relay,2008,716,3,1,0,0
Weightlifting,All Around,2008,291,30,0,1,1
Gymnastics,Butterfly,2012,297,5,1,0,0
Tennis,Butterfly,2024,977,49,0,1,0
Cycling,Singles,2024,106,36,0,0,1
Cycling,400m,2016,563,42,1,0,1
Swimming,Final,2008,667,15,1,1,0
Athletics,Singles,2020,617,24,0,0,0
Wrestling,Doubles,2020,192,44,0,0,1
Cycling,Final,2024,479,47,0,1,0
Tennis,100m,2016,491,24,0,1,1
Weightlifting,Doubles,2020,812,26,0,1,1
Wrestling,Singles,2016,722,27,0,0,0
Shooting,100m,2012,934,38,1,0,1
Shooting,Final,2024,368,18,0,0,1
Weightlifting,Freestyle,2012,104,13,0,0,1
Weightlifting,200m,2012,302,7,1,0,1
Athletics,200m,2004,611,27,1,1,1
Athletics,Relay,2016,235,26,1,0,1
Swimming,Final,2004,504,16,1,0,0
Cycling,Final,2008,430,45,1,1,0
Cycling,400m,2008,649,35,0,0,0
Tennis,200m,2020,836,40,0,1,1
Tennis,Freestyle,2008,978,8,0,0,1
Boxing,Doubles,2016,251,49,1,0,0
Athletics,Final,2020,862,14,0,0,0
Shooting,Singles,2016,166,16,0,1,1
Weightlifting,Final,2024,851,2,0,0,0
Shooting,100m,2008,722,27,1,1,0
Swimming,100m,2008,70,33,0,1,0
Rowing,100m,2020,90,29,0,0,1
Wrestling,200m,2016,650,36,1,1,0
Gymnastics,200m,2012,582,39,1,0,0
Gymnastics,100m,2012,193,42,1,1,1
Cycling,Relay,2012,313,9,0,0,1
Boxing,200m,2004,825,2,1,1,0
Athletics,100m,2024,300,8,0,0,0
Boxing,Freestyle,2012,984,48,1,1,0
Swimming,All Around,2008,702,44,0,0,1
Wrestling,All Around,2008,673,6,1,1,0
Shooting,Doubles,2020,964,38,1,1,1
Wrestling,All Around,2024,449,24,0,0,1
Tennis,200m,2008,809,14,0,0,1
Gymnastics,100m,2012,519,31,0,0,1
Boxing,200m,2020,259,21,1,1,0
Tennis,Relay,2012,117,35,0,1,1
Rowing,100m,2008,642,41,0,1,1
Boxing,Singles,2012,635,13,0,1,0
Wrestling,400m,2004,371,18,1,0,0
Weightlifting,400m,2016,84,44,1,1,0
Wrestling,Relay,2020,322,27,1,0,0
Swimming,All Around,2024,77,50,1,0,1
Shooting,Final,2008,57,44,1,1,1
Boxing,Relay,2024,328,18,1,0,1
Shooting,Doubles,2024,424,30,1,0,0
Athletics,100m,2024,40,30,0,0,1
Swimming,Doubles,2012,507,49,0,0,0
Rowing,Butterfly,2004,705,29,1,1,0
Rowing,200m,2004,976,45,1,1,1
Tennis,200m,2020,429,17,1,0,1
Gymnastics,Final,2012,844,32,0,1,1
Tennis,200m,2004,825,2,0,1,1
Swimming,Relay,2008,161,21,1,0,1
Rowing,Relay,2004,475,16,0,1,1
Wrestling,Singles,2020,629,31,1,0,0
Swimming,Final,2008,526,7,1,1,0
Rowing,Butterfly,2020,165,19,1,0,1
Shooting,200m,2004,952,44,0,0,0
Shooting,Butterfly,2012,251,9,0,0,1
Boxing,Butterfly,2012,100,33,0,0,1
Boxing,Doubles,2004,920,31,0,0,0
Rowing,Relay,2016,278,13,0,1,1
Tennis,Final,2004,996,45,1,0,1
Gymnastics,Freestyle,2004,897,42,0,0,0
Athletics,Freestyle,2012,112,41,0,0,0
Gymnastics,100m,2016,12,32,0,0,1
Weightlifting,Relay,2004,803,3,1,0,0
Athletics,Final,2012,168,42,1,1,0
Boxing,Relay,2020,272,43,0,1,1
Athletics,200m,2016,112,44,1,1,1
Gymnastics,Butterfly,2024,88,35,1,1,1
Cycling,All Around,2012,549,10,1,0,1
Swimming,Singles,2004,277,40,1,0,0
Cycling,400m,2008,356,36,1,0,1
Shooting,100m,2024,212,43,1,0,0
Boxing,100m,2016,324,3,1,0,1
Cycling,Freestyle,2012,808,19,0,1,0
Rowing,All Around,2016,501,31,1,1,1
Weightlifting,Butterfly,2012,814,38,0,0,1
Wrestling,Final,2004,50,28,0,1,0
Wrestling,Final,2020,445,9,1,1,1
Cycling,All Around,2016,608,15,1,1,1
Swimming,Doubles,2004,144,8,0,1,0
Tennis,400m,2012,260,23,0,1,0
Athletics,Butterfly,2004,588,40,0,0,1
Tennis,100m,2016,578,10,1,0,1
Athletics,All Around,2012,207,8,1,0,0
Gymnastics,Freestyle,2004,665,15,1,0,1
Rowing,400m,2016,571,37,1,0,0
Wrestling,200m,2016,606,17,1,1,1
Rowing,Doubles,2024,767,23,1,1,0
Gymnastics,All Around,2024,198,47,0,1,1
Gymnastics,All Around,2024,110,34,0,0,0
Rowing,100m,2008,219,39,0,1,0
Tennis,Butterfly,2004,473,27,1,0,1
Swimming,Final,2024,946,25,1,1,0
Athletics,400m,2020,387,15,0,0,0
Boxing,100m,2008,725,9,0,0,1
Rowing,Freestyle,2020,366,11,0,1,1
Tennis,All Around,2012,187,14,0,1,1
Cycling,Relay,2024,902,30,0,0,1
Shooting,Relay,2020,429,50,0,0,1
Athletics,100m,2004,142,25,0,1,1
Gymnastics,200m,2012,199,41,1,1,1
Boxing,Relay,2016,70,24,1,1,0
Athletics,100m,2012,186,1,0,0,1
Cycling,100m,2024,830,37,1,0,1
Weightlifting,Relay,2008,479,29,0,0,0
Weightlifting,All Around,2008,911,18,0,1,1
Swimming,400m,2024,707,30,1,0,0
Wrestling,Singles,2024,19,1,0,1,0
Gymnastics,100m,2020,671,41,1,0,0
Athletics,Singles,2020,866,49,1,1,0
Cycling,Doubles,2024,717,21,1,0,0
Cycling,Relay,2004,833,21,1,1,0
Tennis,Freestyle,2016,809,40,0,0,0
Cycling,100m,2020,539,35,0,1,0
Weightlifting,Final,2004,477,22,0,0,1
Athletics,Relay,2004,49,29,1,1,1
Shooting,All Around,2012,349,44,1,0,1
Weightlifting,200m,2012,344,3,1,1,0
Cycling,Butterfly,2016,637,19,1,0,1
Gymnastics,Singles,2016,979,22,0,0,1
Gymnastics,100m,2012,813,15,1,1,0
Rowing,Butterfly,2008,109,32,1,1,0
Rowing,Doubles,2008,879,37,1,0,1
Wrestling,All Around,2012,992,3,1,1,1
Shooting,Freestyle,2016,278,40,0,0,0
Wrestling,Butterfly,2016,657,10,1,1,0
Shooting,All Around,2020,242,42,1,1,0
Tennis,All Around,2004,75,11,1,0,0
Wrestling,Final,2012,693,43,0,1,0
Tennis,Singles,2004,277,29,0,1,0
Tennis,Doubles,2008,399,23,0,1,1
Wrestling,Doubles,2008,443,45,0,0,0
Gymnastics,All Around,2008,988,22,1,0,0
Boxing,Butterfly,2016,190,5,0,0,0
Swimming,Singles,2012,469,43,1,0,1
Cycling,400m,2024,313,12,1,1,1
Swimming,100m,2020,553,47,0,1,1
Shooting,Relay,2016,670,39,0,0,0
Cycling,Final,2004,841,16,1,1,0
Gymnastics,Doubles,2020,331,28,1,1,1
Swimming,All Around,2004,437,3,0,1,1
Wrestling,200m,2012,807,16,0,1,0
Swimming,Final,2024,606,6,1,1,1
Cycling,Butterfly,2020,449,6,1,0,1
Wrestling,400m,2004,929,23,1,1,1
Swimming,Freestyle,2012,996,24,1,1,0
Shooting,400m,2012,779,35,1,1,0
Rowing,400m,2016,519,24,0,0,1
Athletics,Doubles,2020,513,31,0,1,0
Rowing,Doubles,2008,85,41,0,0,0
Cycling,Doubles,2020,855,34,0,0,1
Weightlifting,100m,2004,473,45,0,0,0
Swimming,Final,2024,280,33,1,1,1
Tennis,All Around,2004,373,43,1,0,1
Wrestling,Butterfly,2004,304,21,1,0,0
Athletics,Butterfly,2024,839,48,1,1,1
Wrestling,All Around,2024,969,29,1,1,1
Wrestling,Butterfly,2016,882,17,1,1,0
Shooting,Freestyle,2008,9,33,1,0,1
Rowing,Freestyle,2012,949,12,0,1,1
Swimming,Final,2020,639,35,1,0,1
Gymnastics,All Around,2012,307,48,1,0,0
Swimming,Butterfly,2004,704,45,1,0,1
Weightlifting,400m,2020,847,35,1,0,1
Rowing,100m,2004,390,31,0,1,1
Wrestling,Relay,2020,39,16,0,0,1
Cycling,100m,2008,92,35,0,0,0
Swimming,200m,2004,944,8,1,0,1
Boxing,Final,2020,545,21,1,1,1
Boxing,400m,2024,297,23,0,1,0
Boxing,200m,2012,198,27,1,1,1
Tennis,Singles,2008,325,5,1,0,1
Athletics,Relay,2012,358,26,1,1,0
Cycling,Singles,2024,825,37,1,1,1
Athletics,All Around,2024,547,10,1,1,0
Athletics,Doubles,2020,768,38,0,1,0
Rowing,Butterfly,2020,314,41,1,1,0
Weightlifting,Relay,2016,821,44,1,0,1
Shooting,Freestyle,2004,497,38,1,0,1
Tennis,Doubles,2024,859,39,0,0,0
Gymnastics,All Around,2004,622,49,0,1,0
Swimming,Relay,2020,979,43,1,0,0
Gymnastics,200m,2012,653,5,0,1,1
Wrestling,400m,2012,836,47,1,1,0
Gymnastics,100m,2004,401,22,1,1,0
Cycling,Doubles,2008,695,23,0,0,1
Cycling,400m,2016,132,21,0,0,1
Swimming,Relay,2004,659,32,1,1,1
Athletics,Final,2008,63,10,1,1,0
Boxing,100m,2016,287,24,0,0,0
Gymnastics,Singles,2004,876,38,1,0,0
Rowing,Final,2004,310,13,0,0,0
Tennis,All Around,2004,686,36,0,0,1
Cycling,400m,2016,487,41,0,1,1
Boxing,Freestyle,2012,452,26,0,1,0
Tennis,Freestyle,2016,970,15,1,1,1
Shooting,200m,2012,480,7,0,1,1
Wrestling,200m,2012,913,44,0,0,0
Weightlifting,Final,2008,474,46,0,0,0
Boxing,100m,2024,101,14,1,0,0
Weightlifting,100m,2016,162,31,1,0,1
Tennis,All Around,2008,221,46,0,0,0
Cycling,All Around,2004,706,39,0,0,1
Boxing,Doubles,2008,581,45,1,1,1
Athletics,Final,2008,87,48,0,1,0
Gymnastics,100m,2024,401,42,1,0,0
Swimming,Final,2012,195,26,1,0,1
Rowing,Final,2012,216,11,1,0,1
Gymnastics,400m,2024,779,46,0,0,1
Gymnastics,400m,2016,408,46,0,1,0
Tennis,Singles,2004,868,41,1,1,1
Athletics,100m,2020,938,14,0,1,0
Swimming,100m,2004,603,3,0,1,0
Gymnastics,Freestyle,2020,749,28,1,1,1
Rowing,Butterfly,2012,565,27,0,1,0
Shooting,Final,2016,670,2,0,1,1
Wrestling,Relay,2008,189,46,1,1,1
Wrestling,Singles,2012,961,50,0,1,1
Wrestling,Relay,2012,124,30,1,1,0
Boxing,200m,2020,376,7,1,1,1
Boxing,Doubles,2012,936,38,1,1,1
Swimming,100m,2024,944,50,0,0,1
Boxing,400m,2008,584,26,1,1,0
Athletics,100m,2020,164,12,0,1,0
Rowing,Freestyle,2012,492,38,1,0,1
Gymnastics,Relay,2016,407,27,0,1,0
Rowing,400m,2016,315,14,0,0,1
Swimming,Singles,2004,226,32,0,0,0
Athletics,100m,2020,798,13,1,0,1
Cycling,Doubles,2008,171,39,1,0,0
Rowing,Doubles,2016,920,9,1,0,1
Wrestling,Doubles,2012,203,39,0,1,0
Rowing,All Around,2016,469,44,0,0,1
Shooting,400m,2012,311,26,1,1,1
Weightlifting,Final,2024,576,15,1,0,1
Cycling,Singles,2016,518,11,1,0,1
Boxing,Doubles,2008,343,41,1,0,1
Gymnastics,Butterfly,2016,580,49,0,0,0
Boxing,All Around,2024,835,11,1,0,1
Wrestling,Singles,2024,621,46,0,1,0
Rowing,All Around,2008,198,50,0,1,1
Wrestling,Butterfly,2016,108,3,1,0,1
Weightlifting,Butterfly,2004,560,4,1,1,0
Shooting,Singles,2016,776,48,1,0,1
Rowing,Doubles,2012,911,2,0,1,0
Shooting,Butterfly,2020,725,21,1,0,0
Rowing,Final,2004,871,36,0,0,0
Shooting,Relay,2020,29,8,1,0,1
Tennis,Butterfly,2020,70,9,0,1,1
Weightlifting,Relay,2024,994,40,0,0,0
Gymnastics,100m,2004,395,14,0,1,0
Swimming,100m,2024,157,16,0,1,0
Cycling,200m,2008,249,26,0,0,1
Swimming,Doubles,2020,182,6,0,1,0
Gymnastics,Relay,2004,563,39,1,1,0
Swimming,200m,2008,638,23,0,0,0
Tennis,All Around,2024,328,26,0,0,0
Athletics,Doubles,2024,770,48,0,1,1
Boxing,Relay,2008,962,19,1,0,1
Cycling,Singles,2016,117,24,0,1,1
Tennis,Final,2016,634,8,0,1,0
Shooting,All Around,2004,137,31,0,0,0
Rowing,100m,2004,639,16,0,0,1
Weightlifting,200m,2008,858,14,0,0,1
Swimming,100m,2012,882,39,0,0,1
Athletics,Singles,2008,143,44,1,0,1
Wrestling,400m,2012,152,42,0,0,0
Cycling,200m,2004,448,30,1,1,0
Shooting,Relay,2008,912,25,1,0,0
Athletics,Butterfly,2016,518,8,0,1,1
Shooting,Butterfly,2024,139,39,0,0,1
Athletics,Freestyle,2008,520,26,1,0,1
Tennis,Relay,2004,175,11,0,1,0
Tennis,Freestyle,2008,657,2,1,0,1
Cycling,200m,2020,535,18,0,0,1
Swimming,All Around,2012,815,21,0,1,1
Gymnastics,Singles,2012,423,32,1,0,0
Tennis,Singles,2012,447,29,1,0,0
Shooting,Relay,2004,667,29,1,1,1
Swimming,Freestyle,2020,238,21,1,0,0
Tennis,400m,2016,172,30,1,0,0
Shooting,400m,2020,27,8,0,0,0
Boxing,200m,2004,770,11,0,0,1
Swimming,Butterfly,2008,871,25,0,0,0
Boxing,100m,2008,311,3,1,1,0
Athletics,All Around,2024,731,18,1,0,0
Tennis,100m,2024,403,18,1,1,1
Shooting,Singles,2016,975,13,0,0,1
Swimming,All Around,2024,677,39,0,1,1
Shooting,200m,2008,556,43,0,0,0
Athletics,Final,2012,716,27,1,1,1
Tennis,Butterfly,2004,599,22,0,1,1
Swimming,200m,2016,40,37,0,0,1
Wrestling,Final,2012,77,31,1,0,0
Gymnastics,Relay,2020,5,17,1,0,1
Tennis,Singles,2008,451,30,0,1,0
Gymnastics,100m,2020,940,23,0,1,1
Cycling,Freestyle,2024,515,32,0,1,0
Weightlifting,Doubles,2008,221,41,1,1,0
Gymnastics,Final,2004,916,40,0,1,1
Cycling,Doubles,2020,316,50,1,1,1
Rowing,400m,2024,466,16,0,1,1
Boxing,400m,2024,246,39,0,1,1
Wrestling,400m,2008,485,16,1,0,0
Rowing,100m,2016,646,11,0,0,1
Wrestling,Relay,2008,277,50,0,0,1
Gymnastics,200m,2012,408,45,0,1,1
Gymnastics,Butterfly,2008,411,11,1,0,0
Cycling,Freestyle,2016,33,19,1,1,1
Boxing,200m,2024,930,42,1,0,1
Rowing,400m,2004,80,7,1,1,1
Weightlifting,Final,2012,582,22,1,1,0
Athletics,Singles,2020,736,20,0,1,1
Cycling,Singles,2004,921,24,0,0,0
Athletics,Butterfly,2012,771,32,0,1,1
Rowing,400m,2020,611,33,1,0,1
Tennis,Relay,2012,220,42,1,1,0
Boxing,Relay,2004,63,30,1,0,1
Boxing,200m,2020,226,18,1,0,0
Swimming,Freestyle,2016,833,36,0,1,1
Cycling,200m,2004,742,33,0,0,1
Wrestling,Final,2008,761,31,1,0,1
Cycling,100m,2024,73,18,1,0,1
Wrestling,Doubles,2016,117,47,0,1,1
Cycling,All Around,2012,622,7,0,0,1
Weightlifting,100m,2016,347,1,1,0,1
Tennis,200m,2012,596,1,0,0,0
Boxing,100m,2008,745,13,0,1,0
Swimming,Final,2004,192,31,0,1,0
Gymnastics,200m,2008,62,36,1,0,1
Weightlifting,Singles,2012,145,24,0,1,1
Wrestling,Doubles,2020,834,41,1,1,0
Swimming,100m,2024,70,19,0,1,1
Gymnastics,Final,2016,15,42,1,0,1
Gymnastics,Relay,2024,865,35,1,0,1
Weightlifting,Freestyle,2008,532,46,1,1,1
Boxing,All Around,2024,448,14,1,0,0
Swimming,Freestyle,2012,511,31,1,0,1
Tennis,Butterfly,2004,481,20,0,0,1
Weightlifting,Relay,2020,280,47,0,1,0
Rowing,Relay,2020,58,16,1,1,0
Gymnastics,Singles,2012,786,36,1,1,1
Swimming,Doubles,2016,217,23,1,1,1
Swimming,All Around,2012,866,6,0,0,0
Athletics,Singles,2012,133,25,0,0,1
Rowing,Final,2004,540,2,0,1,1
Weightlifting,Final,2004,514,23,0,1,1
Boxing,Relay,2012,162,18,0,1,1
Weightlifting,Freestyle,2004,843,29,1,1,1
Tennis,Relay,2016,897,17,1,0,1
Athletics,400m,2008,966,22,1,1,1
Weightlifting,100m,2004,676,32,1,0,0
Tennis,Doubles,2024,930,12,1,1,1
Gymnastics,Relay,2020,407,32,1,0,0
Swimming,Relay,2024,530,22,1,0,1
Swimming,100m,2020,269,49,0,1,0
Gymnastics,Final,2008,425,37,1,1,1
Cycling,Singles,2012,71,46,0,1,1
Cycling,Freestyle,2008,630,19,1,0,1
Gymnastics,Butterfly,2024,172,2,1,0,1
Gymnastics,100m,2016,810,16,0,1,1
Athletics,200m,2020,614,32,1,0,1
Gymnastics,Singles,2008,667,25,1,0,0
Shooting,100m,2012,105,46,0,1,0
Wrestling,100m,2008,208,48,0,0,1
Rowing,Final,2004,542,42,1,0,1
Wrestling,100m,2024,186,44,0,0,0
Cycling,All Around,2020,554,4,0,0,0
Weightlifting,Relay,2016,498,47,1,1,1
Tennis,All Around,2008,874,27,1,1,1
Rowing,Freestyle,2012,306,22,0,0,1
Shooting,200m,2020,339,45,1,0,1
Athletics,200m,2004,144,25,0,1,1
Cycling,Relay,2004,551,40,0,0,0
Cycling,200m,2008,374,44,0,1,1
Boxing,100m,2016,24,10,1,1,0
Wrestling,400m,2016,15,25,1,1,0
Boxing,200m,2024,845,20,1,1,1
Gymnastics,200m,2016,983,19,0,1,0
Tennis,Doubles,2016,256,4,0,1,0
Wrestling,Doubles,2012,845,31,0,1,0
Swimming,400m,2008,759,50,1,0,1
Tennis,200m,2008,384,35,0,1,0
Weightlifting,Doubles,2012,851,39,1,0,1
Boxing,Doubles,2020,69,48,1,1,1
Rowing,Final,2016,258,50,1,0,0
Weightlifting,100m,2004,265,5,1,0,1
Gymnastics,Singles,2016,508,35,1,1,1
Tennis,100m,2004,515,38,1,1,1
Swimming,200m,2024,309,25,1,0,0
Wrestling,All Around,2008,777,42,1,0,0
Shooting,100m,2004,817,45,1,0,1
Tennis,100m,2024,508,16,1,1,0
Cycling,200m,2016,101,15,1,0,1
Weightlifting,Doubles,2008,822,44,0,1,1
Boxing,All Around,2012,864,12,1,1,1
Gymnastics,Singles,2024,944,43,0,0,1
Tennis,Singles,2012,943,6,1,0,1
Wrestling,Singles,2020,72,23,1,1,0
Boxing,Freestyle,2016,694,27,0,1,1
Shooting,Doubles,2012,45,37,0,1,0
Wrestling,Final,2016,655,1,1,1,1
Athletics,Butterfly,2004,885,5,0,0,1
Wrestling,Relay,2008,135,17,1,0,0
Boxing,Butterfly,2020,414,5,0,0,0
Wrestling,Doubles,2016,866,48,1,1,1
Shooting,Final,2020,494,37,1,0,0
Weightlifting,Butterfly,2008,60,23,0,1,0
Rowing,Relay,2016,585,12,0,1,0
Wrestling,Final,2008,241,1,0,0,1
Rowing,Butterfly,2020,939,46,0,0,1
Wrestling,Relay,2004,772,39,0,1,0
Tennis,100m,2020,372,43,1,0,1
Swimming,Butterfly,2008,178,13,0,1,0
Boxing,Butterfly,2016,212,42,1,1,1
Boxing,Butterfly,2020,749,19,0,1,0
Swimming,Final,2004,859,46,0,0,0
Tennis,Relay,2004,224,49,0,1,0
Tennis,Final,2024,391,14,1,0,0
Boxing,Butterfly,2004,119,36,0,0,0
Shooting,100m,2024,864,28,1,1,0
Athletics,Singles,2012,205,42,0,0,0
Gymnastics,Singles,2004,478,32,0,0,1
Wrestling,Butterfly,2016,235,26,1,1,0
Shooting,200m,2024,253,11,1,1,1
Boxing,100m,2008,206,44,1,0,0
Weightlifting,Final,2004,853,15,1,1,0
Boxing,Relay,2024,761,7,0,0,1
Boxing,400m,2024,459,45,1,1,1
Athletics,Doubles,2024,351,4,0,0,1
Wrestling,Singles,2016,569,4,1,0,0
Wrestling,Freestyle,2008,291,40,1,0,1
Gymnastics,Doubles,2020,244,33,0,0,0
Boxing,200m,2012,602,30,1,1,1
Rowing,Doubles,2004,252,26,0,1,1
Tennis,Butterfly,2012,141,33,0,0,1
Athletics,Doubles,2024,336,43,1,0,0
Weightlifting,Final,2020,877,17,1,0,1
Boxing,All Around,2016,854,27,1,0,0
Shooting,Singles,2016,352,41,1,0,0
Weightlifting,200m,2024,377,39,1,1,1
Shooting,Relay,2008,969,14,1,0,1
Swimming,200m,2020,799,19,0,0,1
Swimming,Butterfly,2016,109,36,1,0,1
Swimming,Singles,2016,548,3,1,0,0
Gymnastics,100m,2008,949,41,0,0,0
Gymnastics,100m,2020,633,28,1,1,1
Cycling,All Around,2008,967,2,0,1,0
Rowing,Final,2020,230,25,1,1,1
Swimming,All Around,2024,104,38,0,1,1
Boxing,All Around,2012,860,13,1,1,1
Swimming,Freestyle,2012,401,29,0,0,0
Wrestling,Final,2024,612,1,1,1,1
Shooting,Singles,2016,765,16,0,1,1
Shooting,200m,2004,871,11,1,0,0
Gymnastics,Doubles,2008,433,27,0,1,1
Tennis,Singles,2004,703,3,1,0,1
Swimming,200m,2012,396,8,1,1,0
Swimming,100m,2004,939,38,0,0,1
Cycling,Singles,2020,961,21,1,1,1
Cycling,Final,2024,509,19,0,1,0
Weightlifting,100m,2020,619,18,0,0,0
Weightlifting,Singles,2012,970,37,1,1,0
Shooting,Relay,2008,112,13,0,1,1
Gymnastics,Singles,2024,260,42,0,1,0
Athletics,200m,2020,672,3,0,1,1
Swimming,Doubles,2012,171,43,1,0,0
Boxing,Doubles,2016,637,40,0,0,0
Cycling,Singles,2020,727,29,1,1,1
Wrestling,100m,2024,397,11,1,0,0
Rowing,100m,2024,218,37,1,0,1
Rowing,Final,2024,717,42,0,0,0
Shooting,Relay,2016,245,11,0,1,0
Gymnastics,Butterfly,2016,249,33,0,0,1
Athletics,Freestyle,2012,573,6,1,0,0
Cycling,200m,2004,833,31,1,0,1
Tennis,All Around,2016,863,29,1,0,0
Shooting,Singles,2020,139,49,0,0,0
Gymnastics,Singles,2016,328,29,1,0,1
Shooting,Doubles,2008,244,44,0,0,1
Swimming,Butterfly,2016,501,34,1,0,0
Rowing,Doubles,2016,679,12,1,1,1
Tennis,200m,2008,946,26,1,1,1
Rowing,Freestyle,2004,712,48,1,1,0
Tennis,Freestyle,2008,364,29,1,1,0
Boxing,400m,2024,430,42,0,0,1
Athletics,200m,2004,323,48,1,1,0
Cycling,Singles,2012,77,21,1,1,1
Wrestling,All Around,2004,665,24,0,1,0
Weightlifting,Singles,2008,517,48,0,0,0
Rowing,Butterfly,2012,720,4,0,1,1
Shooting,Butterfly,2004,255,41,1,1,1
Cycling,Relay,2008,797,35,0,0,1
Weightlifting,Freestyle,2008,286,50,1,1,0
Boxing,200m,2012,885,22,1,0,1
Cycling,Singles,2020,8,41,0,0,1
Gymnastics,All Around,2004,387,8,1,0,1
Weightlifting,All Around,2024,257,31,1,0,0
Tennis,100m,2008,701,36,1,1,1
Shooting,All Around,2024,190,27,0,0,0
Weightlifting,400m,2008,742,37,1,0,0
Cycling,400m,2020,772,45,0,1,0
Boxing,Relay,2024,594,17,0,1,1
Boxing,Freestyle,2012,66,35,0,1,0
Athletics,Final,2004,53,15,1,1,0
Swimming,Relay,2008,518,10,1,1,0
Boxing,Final,2020,10,20,1,1,1
Tennis,200m,2016,849,33,1,0,0
Cycling,400m,2024,813,24,0,1,0
Shooting,Butterfly,2020,322,25,1,0,1
Tennis,Butterfly,2004,702,44,0,0,0
Weightlifting,400m,2012,558,29,0,1,1
Tennis,Relay,2016,215,5,1,0,0
Swimming,Singles,2012,397,3,0,1,0
Wrestling,400m,2020,788,1,0,0,1
Rowing,Doubles,2004,528,19,1,1,0
Athletics,Butterfly,2008,261,42,0,0,0
Athletics,100m,2024,974,45,0,1,1
Cycling,Butterfly,2016,184,49,0,1,1
Boxing,Final,2004,298,49,0,1,1
Weightlifting,Butterfly,2008,167,37,1,0,0
Swimming,Singles,2012,540,28,0,0,1
Wrestling,100m,2024,676,4,0,1,0
Rowing,Butterfly,2020,19,41,0,1,1
Weightlifting,Freestyle,2008,524,41,0,1,0
Rowing,Final,2004,988,2,1,1,1
Shooting,Singles,2012,328,31,0,0,0
Wrestling,Freestyle,2004,896,12,1,0,0
Shooting,Doubles,2008,355,18,1,0,1
Athletics,200m,2024,948,1,1,0,1
Swimming,400m,2008,678,43,0,1,0
Wrestling,Butterfly,2016,97,17,1,0,0
Cycling,200m,2016,783,6,1,1,1
Boxing,Final,2024,830,5,0,0,1
Weightlifting,400m,2008,6,12,0,1,0
Swimming,Singles,2020,881,44,1,0,0
Tennis,Butterfly,2020,4,8,0,1,1
Gymnastics,Freestyle,2004,872,21,0,1,0
Gymnastics,Final,2024,941,39,0,0,1
Cycling,100m,2008,838,45,0,1,0
Gymnastics,All Around,2012,615,26,0,0,0
Shooting,Final,2012,49,49,0,1,1
Boxing,Final,2008,611,38,1,0,1
Shooting,100m,2008,231,2,1,1,0
Rowing,Singles,2016,672,16,0,0,1
Swimming,Freestyle,2004,773,18,1,0,1
Weightlifting,100m,2012,121,36,0,0,1
Tennis,400m,2004,61,40,0,1,1
Rowing,Final,2016,587,45,0,0,0
Tennis,200m,2016,963,17,0,0,0
Rowing,Freestyle,2016,541,44,1,1,1
Tennis,Relay,2016,301,50,1,1,1
Wrestling,100m,2016,139,15,1,1,0
Rowing,All Around,2012,107,10,0,0,0
Cycling,Butterfly,2020,609,14,0,1,0
Shooting,Doubles,2024,289,1,1,0,0
Boxing,200m,2016,19,9,1,1,1
Tennis,Freestyle,2008,707,28,1,1,0
Cycling,200m,2016,202,26,1,0,1
Boxing,400m,2012,855,42,0,0,1
Cycling,All Around,2016,908,18,0,0,0
Swimming,Relay,2020,782,23,0,1,0
Wrestling,100m,2020,670,35,1,0,0
Weightlifting,Singles,2016,901,16,1,0,0
Athletics,Final,2020,830,39,1,1,1
Boxing,Final,2024,502,13,1,1,0
Rowing,Doubles,2020,41,37,1,1,0
Weightlifting,Final,2012,843,25,1,1,1
Cycling,Doubles,2016,97,50,0,0,1
Swimming,Freestyle,2016,211,26,0,0,0
Rowing,200m,2024,691,32,1,1,1
Cycling,100m,2016,877,46,0,0,1
Tennis,200m,2024,737,28,0,1,1
Shooting,All Around,2008,238,27,0,1,0
Athletics,100m,2012,551,22,1,1,1
Athletics,400m,2016,336,31,0,0,0
Weightlifting,200m,2008,870,32,1,0,1
Weightlifting,Doubles,2004,640,26,0,1,0
Boxing,Singles,2012,897,24,0,1,0
Swimming,Final,2008,467,27,0,0,1
Boxing,Doubles,2016,995,32,0,1,0
Wrestling,Doubles,2012,262,36,0,1,1
Swimming,100m,2004,765,47,1,0,1
Boxing,Butterfly,2004,153,16,0,0,1
Rowing,100m,2016,788,39,1,0,1
Shooting,400m,2008,751,36,1,1,0
Tennis,Relay,2024,274,17,1,0,1
Athletics,Doubles,2016,707,13,1,1,1
Rowing,All Around,2024,963,24,1,0,1
Athletics,100m,2024,331,13,0,1,0
Wrestling,All Around,2016,124,36,1,0,1
Swimming,200m,2016,297,15,0,1,0
Gymnastics,Freestyle,2016,977,4,0,1,0
Cycling,200m,2016,699,26,1,1,1
Gymnastics,All Around,2004,449,8,0,1,1
Athletics,All Around,2016,219,48,1,0,1
Rowing,400m,2024,470,11,0,1,0
Shooting,Singles,2024,104,32,1,1,1
Gymnastics,400m,2016,36,10,1,1,0
Athletics,Butterfly,2024,238,37,0,1,1
Wrestling,Final,2016,130,22,1,0,1
Wrestling,All Around,2020,162,42,0,0,1
Weightlifting,100m,2016,711,7,1,1,0
Gymnastics,Butterfly,2004,244,17,0,1,0
Athletics,400m,2008,812,50,0,1,1
Tennis,Butterfly,2016,994,21,1,0,1
Cycling,400m,2012,161,41,0,1,1
Cycling,Freestyle,2008,719,11,1,0,1
Shooting,100m,2012,568,5,0,0,1
Tennis,Relay,2008,119,15,1,1,1
Rowing,Freestyle,2012,853,24,0,1,0
Boxing,200m,2004,452,1,1,1,1
Swimming,Freestyle,2008,638,24,0,1,1
Rowing,Final,2004,130,50,0,1,1
Gymnastics,Freestyle,2020,407,39,0,1,0
Boxing,Butterfly,2004,36,25,0,1,1
Athletics,Freestyle,2004,495,49,1,1,0
Weightlifting,Relay,2016,899,34,1,1,0
Athletics,400m,2016,822,13,1,1,1
Shooting,100m,2024,68,40,1,1,0
Athletics,Relay,2012,427,49,0,1,1
Wrestling,200m,2012,153,45,1,1,0
Gymnastics,400m,2008,868,44,1,1,0
Shooting,200m,2004,110,18,0,0,1
Athletics,Doubles,2020,549,18,0,1,0
Tennis,Final,2020,683,49,0,0,1
Shooting,200m,2016,773,39,0,0,0
Shooting,100m,2012,528,35,0,1,0
Shooting,200m,2012,17,13,0,1,0
Boxing,100m,2020,859,48,0,0,1
Wrestling,Relay,2012,981,42,1,0,0
Athletics,Relay,2004,100,27,1,1,1
Swimming,400m,2024,77,11,1,1,1
Wrestling,Final,2008,518,8,0,1,0
Wrestling,400m,2004,469,18,1,1,0
Gymnastics,Butterfly,2004,883,38,0,0,0
Cycling,200m,2024,864,17,1,1,1
Boxing,All Around,2024,924,8,1,1,1
Tennis,Singles,2024,99,14,0,1,1
Swimming,Final,2008,950,33,1,1,0
Wrestling,Final,2012,41,34,1,0,1
Cycling,400m,2008,868,15,0,1,0
Rowing,Singles,2016,395,17,0,0,1
Athletics,Relay,2024,888,37,1,1,1
Rowing,Freestyle,2020,407,8,0,1,0
Weightlifting,Relay,2012,906,3,0,1,1
Rowing,400m,2024,655,31,1,0,0
Swimming,Butterfly,2020,393,24,1,0,0
Boxing,Doubles,2016,830,10,1,1,0
Gymnastics,Relay,2016,552,16,0,0,1
Boxing,Relay,2012,126,35,0,1,1
Tennis,Singles,2024,798,3,0,0,0
Athletics,All Around,2016,83,44,0,1,0
Weightlifting,Final,2012,889,2,0,1,1
Rowing,All Around,2008,796,24,0,1,0
Rowing,Relay,2020,75,2,0,0,0
Athletics,Singles,2016,859,43,1,1,0
Wrestling,Butterfly,2024,499,48,1,1,1
Gymnastics,100m,2024,949,7,0,0,1
Swimming,Singles,2008,522,17,0,1,0
Wrestling,100m,2004,658,35,1,1,1
Weightlifting,Freestyle,2024,228,13,1,0,0
Boxing,Relay,2020,232,40,0,0,1
Gymnastics,Freestyle,2016,489,29,0,1,1
Rowing,Freestyle,2016,691,22,0,0,0
Shooting,Singles,2012,192,6,0,1,1
Wrestling,100m,2008,729,25,0,0,1
Shooting,All Around,2020,853,33,1,0,0
Rowing,All Around,2012,922,45,0,1,1
Tennis,All Around,2004,902,25,0,0,1
Cycling,400m,2024,655,4,0,1,1
Wrestling,200m,2016,730,43,1,1,1
Tennis,All Around,2020,681,5,1,0,1
Athletics,Relay,2020,334,40,1,1,0
Athletics,200m,2024,574,22,1,0,0
Boxing,100m,2004,634,18,1,0,1
Tennis,Doubles,2016,141,26,0,1,1
Rowing,Doubles,2020,899,32,1,0,1
Shooting,400m,2008,21,3,0,0,0
Athletics,Final,2008,517,27,1,0,1
Gymnastics,Freestyle,2004,330,32,1,1,0
Rowing,Doubles,2004,579,45,1,1,0
Swimming,Singles,2004,2,46,1,1,1
Gymnastics,Final,2008,675,12,1,1,1
Wrestling,Freestyle,2024,676,9,1,0,0
Boxing,200m,2016,128,38,1,0,1
Athletics,400m,2024,223,17,0,0,1
Cycling,Butterfly,2016,383,44,1,1,1
Tennis,Relay,2012,925,47,0,1,1
Shooting,All Around,2012,50,14,0,0,1
Weightlifting,All Around,2020,95,17,0,1,1
Athletics,400m,2020,31,27,0,0,1
Rowing,Butterfly,2016,909,46,1,1,1
Tennis,400m,2024,93,30,0,0,1
Cycling,Freestyle,2016,434,33,0,0,0
Gymnastics,Freestyle,2008,397,37,1,0,1
Boxing,Singles,2016,746,48,1,1,0
Boxing,100m,2016,993,36,0,0,1
Gymnastics,Singles,2024,230,42,1,1,1
Rowing,Butterfly,2024,695,5,0,1,0
Rowing,Doubles,2024,655,39,0,1,0
Athletics,Doubles,2016,181,29,1,1,1
Rowing,Relay,2020,889,49,0,1,0
Weightlifting,Freestyle,2016,911,26,0,0,0
Wrestling,Relay,2016,149,46,0,0,1
Athletics,Butterfly,2012,58,29,1,0,1
Shooting,200m,2004,210,48,1,0,1
Cycling,Doubles,2016,374,11,1,0,1
Weightlifting,Singles,2016,452,30,1,0,1
Boxing,Final,2020,607,38,0,1,0
Gymnastics,Doubles,2020,394,39,0,1,1
Shooting,400m,2016,10,4,0,0,0
Athletics,Relay,2008,401,33,0,1,1
Wrestling,100m,2008,66,16,1,1,0
Boxing,All Around,2016,86,45,0,0,1
Gymnastics,Freestyle,2004,740,38,1,1,0
Tennis,Butterfly,2024,929,24,1,0,0
Cycling,Freestyle,2012,905,9,1,1,0
Wrestling,Relay,2004,803,43,0,0,0
Weightlifting,Relay,2008,366,10,1,1,0
Boxing,Relay,2012,823,39,1,1,1
Gymnastics,Butterfly,2020,681,20,1,1,1
Rowing,Freestyle,2012,35,30,0,0,0
Swimming,200m,2020,972,23,0,0,1
Boxing,Butterfly,2024,318,23,0,1,0
Swimming,Freestyle,2020,11,7,0,1,1
Weightlifting,All Around,2012,260,32,1,0,0
Tennis,Singles,2024,562,28,1,0,1
Rowing,Butterfly,2012,249,15,0,1,1
Tennis,Final,2024,588,27,0,0,1
Weightlifting,400m,2008,813,45,1,0,0
Weightlifting,200m,2012,1,12,0,1,1
Cycling,Singles,2024,511,16,1,1,0
Boxing,400m,2004,615,19,0,1,0
Rowing,All Around,2008,770,27,0,1,1
Gymnastics,Doubles,2004,277,23,1,1,0
Wrestling,Butterfly,2004,586,35,1,0,0
Tennis,Final,2016,738,15,1,1,1
Cycling,Doubles,2016,662,34,1,1,1
Shooting,Doubles,2024,697,23,1,1,0
Cycling,200m,2024,627,35,1,1,1
Weightlifting,Butterfly,2004,941,28,0,1,0
Boxing,All Around,2012,489,31,1,1,0
Tennis,400m,2004,146,15,1,1,1
Boxing,Butterfly,2004,805,40,0,1,1
Boxing,All Around,2020,892,43,0,0,0
Weightlifting,100m,2024,798,2,0,1,0
Boxing,Final,2012,758,8,1,0,1
Boxing,Singles,2012,292,3,1,0,0
Rowing,Final,2008,298,27,0,1,0
Gymnastics,Relay,2020,240,16,0,1,1
Cycling,Relay,2012,899,13,1,1,1
Weightlifting,Singles,2004,585,26,0,0,0
Weightlifting,Butterfly,2004,538,32,1,1,1
Shooting,Singles,2008,797,45,1,0,1
Wrestling,Relay,2004,603,31,1,0,0
Wrestling,Butterfly,2016,28,37,1,1,1
Boxing,100m,2004,703,42,1,1,1
Swimming,All Around,2024,144,39,1,0,0
Athletics,100m,2016,627,15,0,0,1
Boxing,400m,2016,530,11,1,1,1
Cycling,100m,2012,637,20,0,1,1
Tennis,200m,2004,470,29,1,0,1
Gymnastics,Final,2024,324,36,0,1,0
Shooting,Singles,2012,8,32,1,1,0
Shooting,100m,2012,201,48,1,1,1
Gymnastics,Butterfly,2020,223,40,1,0,1
Swimming,Freestyle,2004,817,13,0,1,1
Tennis,400m,2004,799,9,0,1,1
Shooting,Relay,2020,461,2,0,1,1
Cycling,All Around,2020,899,36,0,0,1
Weightlifting,400m,2012,87,15,1,0,1
Cycling,100m,2016,706,13,0,1,0
Swimming,Butterfly,2020,268,44,0,1,0
Wrestling,All Around,2008,204,35,1,1,1
Wrestling,100m,2016,487,31,1,1,1
Tennis,Relay,2024,936,49,1,1,0
Swimming,Freestyle,2024,776,41,1,1,0
Boxing,100m,2012,41,12,1,0,0
Shooting,Freestyle,2012,542,29,0,0,1
Tennis,Singles,2012,775,24,1,0,0
Shooting,100m,2008,296,8,0,1,0
Boxing,100m,2016,753,49,1,0,0
Wrestling,Butterfly,2004,536,43,0,1,0
Athletics,Freestyle,2024,376,41,1,1,0
Cycling,Final,2004,722,18,1,1,0
Swimming,100m,2012,344,36,1,0,0
Gymnastics,All Around,2004,416,37,0,1,1
Weightlifting,Final,2020,248,22,1,1,0
Cycling,Butterfly,2008,576,14,1,1,1
Gymnastics,400m,2012,372,21,0,1,0
Shooting,Relay,2008,358,5,1,0,1
Rowing,Doubles,2024,850,46,1,1,0
Weightlifting,100m,2004,748,3,1,1,0
Weightlifting,Singles,2004,280,45,1,1,0
Boxing,200m,2012,11,44,1,0,1
Swimming,Doubles,2020,515,29,0,0,1
Swimming,Doubles,2020,992,8,1,1,0
Cycling,100m,2008,879,41,1,1,0
Gymnastics,Singles,2004,374,4,0,1,1
Boxing,Final,2016,395,10,1,1,0
Athletics,400m,2012,225,27,0,0,1
Wrestling,Doubles,2020,464,26,0,0,1
Tennis,Doubles,2012,501,18,1,0,0
Weightlifting,Singles,2020,803,29,0,1,0
Cycling,200m,2012,793,32,0,1,0
Rowing,400m,2016,961,6,1,1,1
Athletics,Butterfly,2012,38,17,1,0,1
Gymnastics,Butterfly,2012,291,23,0,1,1
Boxing,Final,2004,676,44,0,0,1
Shooting,100m,2012,610,33,1,1,0
Swimming,Doubles,2008,831,36,0,1,0
Weightlifting,Butterfly,2012,754,11,1,0,1
Wrestling,100m,2024,821,32,1,0,1
Wrestling,Final,2012,4,11,1,0,0
Boxing,Relay,2012,159,21,1,1,1
Athletics,Singles,2008,147,28,0,0,0
Shooting,Final,2004,884,45,1,1,0
Swimming,Doubles,2024,361,18,0,1,0
Tennis,Freestyle,2004,377,26,0,1,0
Swimming,All Around,2008,483,5,0,1,0
Cycling,Final,2004,709,43,0,0,1
Shooting,200m,2024,802,16,0,1,1
Gymnastics,All Around,2008,250,10,1,0,1
Tennis,Butterfly,2016,299,28,1,0,1
Wrestling,Singles,2016,656,46,1,1,0
Weightlifting,Final,2012,622,40,0,0,0
Wrestling,All Around,2012,653,32,0,1,1
Shooting,Final,2024,835,39,0,1,0
Wrestling,Butterfly,2016,662,33,0,0,0
Cycling,200m,2016,127,46,0,0,1
Tennis,Doubles,2004,350,16,1,0,0
Shooting,Singles,2008,194,13,0,1,0
Shooting,100m,2004,408,26,1,0,0
Cycling,Butterfly,2008,551,4,0,0,1
Cycling,200m,2004,363,18,0,1,0
Boxing,All Around,2008,267,6,1,0,0
Wrestling,Butterfly,2004,513,27,0,0,1
Boxing,100m,2012,407,3,0,1,0
Gymnastics,Final,2016,566,41,0,0,1
Athletics,Singles,2024,150,28,0,0,1
Swimming,Butterfly,2008,67,4,1,0,0
Boxing,All Around,2020,912,38,1,0,1
Gymnastics,Doubles,2020,66,3,1,1,0
Wrestling,Singles,2016,429,24,0,0,1
Shooting,200m,2016,571,44,0,0,1
Swimming,All Around,2008,483,13,0,1,0
Rowing,Relay,2020,19,13,0,0,0
Swimming,Freestyle,2024,681,26,0,1,0
Tennis,100m,2024,182,42,1,1,1
Shooting,Freestyle,2024,460,40,0,0,0
Gymnastics,All Around,2008,546,8,1,0,0
Weightlifting,Relay,2008,139,37,1,0,1
Rowing,100m,2004,304,38,0,1,1
Boxing,Final,2008,657,6,1,1,1
Weightlifting,Final,2016,560,4,0,1,0
Rowing,Butterfly,2008,410,27,0,1,1
Boxing,Freestyle,2024,18,18,1,0,1
Boxing,100m,2004,896,48,1,1,0
Weightlifting,Doubles,2004,750,13,0,1,0
Athletics,200m,2008,785,24,0,1,0
Cycling,Relay,2004,826,49,1,1,1
Rowing,100m,2004,50,6,1,1,0
Athletics,Doubles,2024,205,14,1,0,0
Wrestling,400m,2008,829,25,0,0,0
Wrestling,Final,2008,779,25,1,0,0
Athletics,Butterfly,2004,300,4,0,0,0
Swimming,200m,2016,88,45,1,0,1
Boxing,All Around,2024,257,3,1,0,1
Swimming,Singles,2004,613,46,0,0,1
Wrestling,All Around,2008,653,23,0,1,0
Boxing,Doubles,2012,90,31,1,0,1
Gymnastics,Final,2004,246,42,0,0,0
Shooting,Butterfly,2016,101,4,1,1,1
Wrestling,100m,2008,302,38,0,0,1
Tennis,All Around,2016,295,6,1,0,1
Tennis,200m,2016,346,13,0,0,1
Weightlifting,Doubles,2016,711,44,1,0,1
Athletics,Freestyle,2020,476,34,0,1,0
Athletics,All Around,2004,325,8,0,0,1
Gymnastics,Final,2004,161,19,1,1,1
Wrestling,All Around,2008,77,44,0,1,0
Tennis,Final,2004,588,1,1,1,1
Rowing,Freestyle,2024,55,35,1,1,0
Cycling,Final,2004,915,8,0,1,1
Athletics,All Around,2004,397,7,0,0,0
Athletics,400m,2016,219,35,0,0,0
Tennis,400m,2004,961,16,1,1,1
Boxing,Butterfly,2012,13,2,0,0,1
Rowing,400m,2016,741,4,1,0,1
Athletics,200m,2016,891,18,0,1,0
Rowing,200m,2004,260,31,1,1,1
Wrestling,400m,2012,932,49,0,0,0
Swimming,Butterfly,2012,130,48,0,0,1
Shooting,Final,2016,57,15,1,0,1
Weightlifting,400m,2008,286,45,1,1,1
Gymnastics,200m,2016,294,28,1,1,0
Cycling,200m,2016,771,18,1,0,1
Swimming,Freestyle,2024,842,19,0,0,0
Tennis,200m,2008,658,44,1,1,0
Athletics,100m,2016,557,39,0,1,1
Weightlifting,Freestyle,2016,766,25,0,0,0
Swimming,Final,2004,713,44,1,1,1
Tennis,Final,2016,247,16,1,0,1
Weightlifting,All Around,2008,443,49,1,0,0
Wrestling,Singles,2012,160,24,0,0,1
Boxing,100m,2012,5,37,0,1,0
Athletics,200m,2020,336,40,1,1,1
Swimming,Doubles,2012,174,37,0,1,1
Swimming,Doubles,2012,495,37,0,0,1
Tennis,400m,2016,408,33,0,1,0
Weightlifting,Doubles,2024,914,12,1,0,1
Athletics,200m,2020,355,18,0,1,0
Tennis,Singles,2024,914,40,0,0,1
Shooting,Relay,2004,781,8,0,0,1
Weightlifting,Freestyle,2020,143,36,0,0,0
Cycling,200m,2008,338,25,1,1,0
Boxing,100m,2024,726,14,1,1,0
Wrestling,400m,2024,472,45,0,1,0
Cycling,Final,2008,509,42,1,0,0
Cycling,Freestyle,2024,504,15,1,1,0
Athletics,Final,2024,155,1,1,0,0
Tennis,Doubles,2008,918,31,1,0,1
Shooting,All Around,2004,633,46,1,0,1
Swimming,Freestyle,2020,140,43,1,0,0
Weightlifting,Freestyle,2012,706,48,1,1,0
Wrestling,Final,2024,803,12,1,0,1
Weightlifting,Freestyle,2016,153,15,0,1,0
Gymnastics,Doubles,2008,88,16,1,0,0
Athletics,Relay,2024,213,4,0,0,1
Boxing,Relay,2012,969,49,0,0,1
Wrestling,Doubles,2012,978,34,1,0,0
Cycling,400m,2024,130,12,0,0,0
Shooting,All Around,2008,537,49,1,1,0
Weightlifting,Final,2008,599,7,0,1,0
Shooting,Freestyle,2020,900,29,0,1,0
Athletics,Relay,2004,435,48,0,0,1
Swimming,Singles,2004,633,39,0,1,0
Boxing,200m,2020,238,5,1,1,1
Weightlifting,Singles,2020,806,50,0,0,0
Tennis,Final,2024,449,48,0,0,0
Cycling,Relay,2016,63,43,1,1,1
Gymnastics,Final,2012,321,20,0,1,1
Swimming,100m,2012,936,15,1,1,0
Cycling,Final,2020,741,7,0,0,0
Weightlifting,Relay,2020,330,4,0,1,1
Tennis,Doubles,2020,783,11,1,1,1
Cycling,All Around,2004,381,28,1,0,1
Cycling,Relay,2024,35,29,0,1,1
Wrestling,All Around,2004,661,43,1,0,0
Athletics,200m,2020,808,5,1,0,0
Weightlifting,Freestyle,2012,762,15,0,0,1
Cycling,200m,2008,262,44,0,0,1
Tennis,Doubles,2004,996,30,0,0,1
Weightlifting,Relay,2004,425,7,0,0,0
Rowing,Freestyle,2020,133,3,1,0,0
Wrestling,400m,2012,460,45,1,0,1
Wrestling,Singles,2012,955,31,0,0,1
Boxing,100m,2016,968,22,0,0,1
Cycling,Butterfly,2016,640,41,0,0,0
Tennis,400m,2024,746,3,1,1,0
Cycling,Freestyle,2024,999,45,1,0,0
Weightlifting,Doubles,2016,553,48,1,1,1
Wrestling,Freestyle,2024,458,48,0,1,1
Rowing,400m,2004,994,21,1,0,1
Athletics,Freestyle,2024,682,21,1,1,1
Swimming,Doubles,2008,50,8,1,1,1
Weightlifting,Doubles,2024,249,3,0,0,0
Rowing,200m,2012,895,3,1,0,1
Tennis,100m,2020,74,17,1,1,1
Rowing,Singles,2012,6,4,0,0,1
Swimming,100m,2012,731,27,1,1,1
Weightlifting,All Around,2016,542,14,1,1,1
Gymnastics,Freestyle,2016,20,19,0,1,1
Wrestling,400m,2012,455,28,0,0,0
Shooting,100m,2024,482,39,1,0,0
Shooting,200m,2008,684,7,1,1,0
Boxing,100m,2020,692,8,1,1,0
Rowing,Relay,2004,347,2,1,0,1
Rowing,200m,2024,444,44,1,1,1
Wrestling,Relay,2004,641,3,0,0,0
Athletics,Doubles,2016,412,31,0,0,1
Rowing,Butterfly,2004,424,33,1,1,1
Wrestling,Doubles,2016,290,24,0,1,1
Athletics,Singles,2008,190,33,0,0,0
Tennis,400m,2012,965,48,1,1,0
Weightlifting,All Around,2024,735,21,0,1,1
Shooting,Doubles,2012,21,1,1,1,1
Shooting,Final,2016,241,38,0,1,1
Shooting,100m,2024,981,31,0,1,1
Tennis,Butterfly,2012,875,37,1,0,1
Shooting,100m,2012,255,18,0,1,0
Weightlifting,200m,2020,466,8,1,0,1
Rowing,All Around,2016,827,30,1,1,1
Swimming,Doubles,2004,603,8,0,1,0
Wrestling,Final,2008,351,37,0,0,1
Wrestling,Doubles,2016,866,1,1,1,1
Boxing,Doubles,2004,27,41,1,1,0
Weightlifting,Butterfly,2016,48,43,1,1,1
Tennis,All Around,2004,279,3,1,1,1
Swimming,400m,2012,975,48,0,0,1
Boxing,Final,2012,633,19,0,1,1
Boxing,400m,2012,399,41,0,1,1
Rowing,Singles,2012,366,22,1,1,1
Wrestling,Relay,2008,848,22,1,0,0
Boxing,100m,2020,921,22,0,0,1
Gymnastics,All Around,2024,482,9,0,1,1
Weightlifting,Freestyle,2024,520,36,1,0,1
Gymnastics,Butterfly,2016,24,16,1,1,0
